strip,oped,treatment,pid_3_cat,sample,term,estimate,std.error,statistic,p.value,conf.low,conf.high,df,outcome,Y
Amtrak,amtrak,Did not read op-ed,Democrat,Mechanical Turk Sample,(Intercept),2.6145833333333384,0.06109486252786821,42.795469621372916,5.189470104850539e-148,2.4944600081348076,2.734706658531869,383,Y,2.6145833333333384
Amtrak,amtrak,Did not read op-ed,Democrat,Policy Professional Sample,(Intercept),1.6549019607843112,0.056618653775636796,29.228917510864967,3.1335834183255075e-83,1.5434001542407394,1.766403767327883,254,Y,1.6549019607843112
Amtrak,amtrak,Did not read op-ed,Republican,Mechanical Turk Sample,(Intercept),3.4178082191780823,0.10229157493554118,33.412411739009855,5.423248305560001e-70,3.215633057719951,3.6199833806362136,145,Y,3.4178082191780823
Amtrak,amtrak,Did not read op-ed,Republican,Policy Professional Sample,(Intercept),3.300699300699299,0.14553161479436436,22.680290501573662,4.68649774508978e-49,3.0130108046526582,3.58838779674594,142,Y,3.300699300699299
Amtrak,amtrak,Read op-ed,Democrat,Mechanical Turk Sample,(Intercept),2.926829268292691,0.07397150291709215,39.56698394479161,1.2332467954912518e-134,2.781369392084893,3.0722891445004885,368,Y,2.926829268292691
Amtrak,amtrak,Read op-ed,Democrat,Policy Professional Sample,(Intercept),1.9913419913419916,0.0691404411467727,28.801407082646918,3.050183885335165e-78,1.85511238333225,2.1275715993517332,230,Y,1.9913419913419916
Amtrak,amtrak,Read op-ed,Republican,Mechanical Turk Sample,(Intercept),4.2248062015503836,0.13712524250291208,30.809835770833097,4.653622753525829e-61,3.953480481432929,4.496131921667838,128,Y,4.2248062015503836
Amtrak,amtrak,Read op-ed,Republican,Policy Professional Sample,(Intercept),3.88888888888889,0.1533632360996235,25.35737369523619,4.096908453414473e-51,3.5853640108248737,4.192413766952907,125,Y,3.88888888888889
Climate,climate,Did not read op-ed,Democrat,Mechanical Turk Sample,(Intercept),2.2187500000000044,0.061243072555443756,36.2285872902826,8.646657770307765e-126,2.0983352676257554,2.3391647323742535,383,Y,2.2187500000000044
Climate,climate,Did not read op-ed,Republican,Mechanical Turk Sample,(Intercept),3.9520547945205484,0.14361951510376872,27.517533335668826,1.9824549891213202e-59,3.6681966305130027,4.235912958528094,145,Y,3.9520547945205484
Climate,climate,Read op-ed,Democrat,Mechanical Turk Sample,(Intercept),2.618497109826593,0.07578809464165197,34.55024330942221,4.7454785084404344e-114,2.4694322417530574,2.767561977900128,345,Y,2.618497109826593
Climate,climate,Read op-ed,Republican,Mechanical Turk Sample,(Intercept),4.445255474452557,0.14794996283078715,30.04566807182419,6.6449134769136e-62,4.152675431065041,4.737835517840073,136,Y,4.445255474452557
Veterans,veterans,Did not read op-ed,Democrat,Mechanical Turk Sample,(Intercept),49.187500000000114,1.151647760465957,42.71054196302074,9.737545078596978e-148,46.923156441136896,51.45184355886333,383,Y,49.187500000000114
Veterans,veterans,Did not read op-ed,Democrat,Policy Professional Sample,(Intercept),50.694117647058725,1.2647776548602956,40.081446293940324,7.960735199626448e-112,48.203330883535415,53.184904410582035,254,Y,50.694117647058725
Veterans,veterans,Did not read op-ed,Republican,Mechanical Turk Sample,(Intercept),48.51369863013699,2.076074115205238,23.3679993767183,5.0698701888586814e-51,44.41042209240494,52.61697516786904,145,Y,48.51369863013699
Veterans,veterans,Did not read op-ed,Republican,Policy Professional Sample,(Intercept),61.10489510489506,2.0339556538826784,30.042393003136574,2.1131023223428097e-63,57.08414920773808,65.12564100205203,142,Y,61.10489510489506
Veterans,veterans,Read op-ed,Democrat,Mechanical Turk Sample,(Intercept),66.1452991452991,1.1810868450198544,56.003755713820674,8.869032669028193e-177,63.82237887317141,68.4682194174268,350,Y,66.1452991452991
Veterans,veterans,Read op-ed,Democrat,Policy Professional Sample,(Intercept),54.05905511811025,1.3419221078017614,40.28479358363493,4.633434693047669e-112,51.41629411055778,56.701816125662724,253,Y,54.05905511811025
Veterans,veterans,Read op-ed,Republican,Mechanical Turk Sample,(Intercept),68.27210884353741,1.7926624855182216,38.08419565593874,1.018231706593379e-77,64.72918813013014,71.81502955694468,146,Y,68.27210884353741
Veterans,veterans,Read op-ed,Republican,Policy Professional Sample,(Intercept),67.46923076923078,1.9182514294004724,35.17225621998755,5.776533662358114e-68,63.67392333534687,71.26453820311468,129,Y,67.46923076923078
Wall Street,wallstreet,Did not read op-ed,Democrat,Mechanical Turk Sample,(Intercept),23.059895833333382,1.0466101877438263,22.0329365253395,4.450165143255346e-70,21.002074754169822,25.11771691249694,383,Y,23.059895833333382
Wall Street,wallstreet,Did not read op-ed,Democrat,Policy Professional Sample,(Intercept),23.08235294117643,1.183054604198115,19.510809441312187,1.991194281787854e-52,20.752507266453897,25.412198615898966,254,Y,23.08235294117643
Wall Street,wallstreet,Did not read op-ed,Republican,Mechanical Turk Sample,(Intercept),35.013698630136986,1.9231082712363037,18.20682649741183,2.7440604781001298e-39,31.21275289747355,38.81464436280042,145,Y,35.013698630136986
Wall Street,wallstreet,Did not read op-ed,Republican,Policy Professional Sample,(Intercept),42.67132867132864,1.9718239900426424,21.640536319068637,8.315255358457488e-47,38.77340533030335,46.56925201235393,142,Y,42.67132867132864
Wall Street,wallstreet,Read op-ed,Democrat,Mechanical Turk Sample,(Intercept),34.50260416666675,1.2421807148451849,27.77583306062425,8.538422810239452e-94,32.06025677785598,36.944951555477516,383,Y,34.50260416666675
Wall Street,wallstreet,Read op-ed,Democrat,Policy Professional Sample,(Intercept),35.46543778801842,1.3563048583325015,26.14857387713049,7.398594852304764e-69,32.792150777929095,38.138724798107745,216,Y,35.46543778801842
Wall Street,wallstreet,Read op-ed,Republican,Mechanical Turk Sample,(Intercept),51.20930232558135,2.0017456776692226,25.58232191874047,3.678384248651459e-52,47.2485065043884,55.17009814677429,128,Y,51.20930232558135
Wall Street,wallstreet,Read op-ed,Republican,Policy Professional Sample,(Intercept),54.67515923566881,1.7177826160007923,31.828916375320677,4.047909814236041e-70,51.2820446933323,58.06827377800531,156,Y,54.67515923566881
