facet_label,pid_3,Z_coded,term,estimate,std.error,statistic,p.value,conf.low,conf.high,df,outcome,value
Justice Reynoso (Brown Appointee),Democrats,No Party Cue,(Intercept),0.2712550607287449,0.036017906716142356,7.531116754410798,9.5447106446821e-13,0.20031224034807227,0.3421978811094175,246,value,0.2712550607287449
Justice Reynoso (Brown Appointee),Democrats,Democratic Cue,(Intercept),0.3446969696969696,0.04219749020355183,8.168660459051564,1.3155250785998221e-14,0.26160905765013726,0.42778488174380197,263,value,0.3446969696969696
Justice Reynoso (Brown Appointee),Republicans,No Party Cue,(Intercept),0.13145539906103287,0.04713401151793436,2.788971165991557,0.0057688634314845425,0.03854403368725906,0.2243667644348067,212,value,0.13145539906103287
Justice Reynoso (Brown Appointee),Republicans,Democratic Cue,(Intercept),-0.23280423280423285,0.05557833383675248,-4.188758761427382,4.3086262078654514e-5,-0.3424415384687076,-0.12316692713975809,188,value,-0.23280423280423285
Justice Kaus (Brown Appointee),Democrats,No Party Cue,(Intercept),0.2753036437246963,0.03327552149718257,8.273458426429356,8.263991596658185e-15,0.20976237384323917,0.34084491360615343,246,value,0.2753036437246963
Justice Kaus (Brown Appointee),Democrats,Democratic Cue,(Intercept),0.32954545454545453,0.03949968413638082,8.342989614996181,4.127342752677569e-15,0.2517695900196297,0.4073213190712794,263,value,0.32954545454545453
Justice Kaus (Brown Appointee),Republicans,No Party Cue,(Intercept),0.17840375586854465,0.04344248977156327,4.106665083116962,5.731099880596969e-5,0.0927691809634075,0.2640383307736818,212,value,0.17840375586854465
Justice Kaus (Brown Appointee),Republicans,Democratic Cue,(Intercept),-0.126984126984127,0.05588026878717597,-2.2724322867478537,0.024192207471622772,-0.23721704846082817,-0.016751205507425843,188,value,-0.126984126984127
Justice Broussard (Brown Appointee),Democrats,No Party Cue,(Intercept),0.24696356275303638,0.037166878956237784,6.644721582455824,1.939167274094021e-10,0.17375766440134616,0.3201694611047266,246,value,0.24696356275303638
Justice Broussard (Brown Appointee),Democrats,Democratic Cue,(Intercept),0.32196969696969696,0.04009734664748772,8.02970081288084,3.281373714463388e-14,0.24301702003353687,0.40092237390585705,263,value,0.32196969696969696
Justice Broussard (Brown Appointee),Republicans,No Party Cue,(Intercept),0.22535211267605634,0.042400900441085444,5.3147954484875894,2.6968479473170485e-7,0.1417707363792453,0.3089334889728674,212,value,0.22535211267605634
Justice Broussard (Brown Appointee),Republicans,Democratic Cue,(Intercept),-0.1322751322751323,0.05606649252712034,-2.3592546334363345,0.019337403916618933,-0.24287541037605745,-0.021674854174207142,188,value,-0.1322751322751323
Justice Richardson (Reagan Appointee),Democrats,No Party Cue,(Intercept),0.2995951417004048,0.03669780916836825,8.163842705864889,1.6925446643935532e-14,0.22731314861531116,0.37187713478549844,246,value,0.2995951417004048
Justice Richardson (Reagan Appointee),Democrats,Republican Cue,(Intercept),0.10227272727272727,0.04462054627196728,2.2920545761444386,0.022692802149844375,0.014413757314016992,0.19013169723143752,263,value,0.10227272727272727
Justice Richardson (Reagan Appointee),Republicans,No Party Cue,(Intercept),0.32863849765258213,0.041292805459497435,7.958735038599674,1.0375619446461548e-13,0.24724141703499616,0.4100355782701681,212,value,0.32863849765258213
Justice Richardson (Reagan Appointee),Republicans,Republican Cue,(Intercept),0.47619047619047605,0.046594862360960144,10.219806477837261,8.843025950029395e-20,0.3842745295543684,0.5681064228265837,188,value,0.47619047619047605
Justice Bird (Brown Appointee),Democrats,No Party Cue,(Intercept),0.3562753036437246,0.053612430498737554,6.645386160064391,1.9317644690502102e-10,0.25067735601678404,0.4618732512706652,246,value,0.3562753036437246
Justice Bird (Brown Appointee),Democrats,Democratic Cue,(Intercept),0.26136363636363635,0.05406693013525832,4.8340757596147474,2.27737918321452e-6,0.15490450066502914,0.36782277206224356,263,value,0.26136363636363635
Justice Bird (Brown Appointee),Republicans,No Party Cue,(Intercept),-0.24882629107981222,0.06204151642429531,-4.010641670621262,8.391695743512501e-5,-0.3711235837396438,-0.12652899841998064,212,value,-0.24882629107981222
Justice Bird (Brown Appointee),Republicans,Democratic Cue,(Intercept),-0.38095238095238093,0.06154129130145792,-6.1901915428829515,3.6857146245100054e-9,-0.5023525903437367,-0.25955217156102517,188,value,-0.38095238095238093
