treatment,predisposition,dv_label,term,value,std.error,statistic,p.value,conf.low,conf.high,df,outcome
Con Con,Capital Punishment Opponents,"Which view of capital punishment best summarizes your own?
[1: I am very much against capital punishment,
7: I am very much in favor of capital punishment]",(Intercept),-0.016129032258064533,0.08127726889391017,-0.19844456485265866,0.8433571535719692,-0.17865297606230282,0.14639491154617376,61,value
Con Con,Capital Punishment Opponents,"Does capital punishment reduce crime?
[1: I am very certain that capital punishment does not reduce crime,
7: I am very certain that capital punishment reduces crime]",(Intercept),0.33870967741935504,0.1435066398394143,2.3602369743893057,0.021477164856198928,0.05175041579308787,0.6256689390456223,61,value
Con Con,Capital Punishment Proponents,"Which view of capital punishment best summarizes your own?
[1: I am very much against capital punishment,
7: I am very much in favor of capital punishment]",(Intercept),-0.62962962962963,0.11909364300641614,-5.286844987987384,2.4001059919083047e-6,-0.8685012271575651,-0.3907580321016949,53,value
Con Con,Capital Punishment Proponents,"Does capital punishment reduce crime?
[1: I am very certain that capital punishment does not reduce crime,
7: I am very certain that capital punishment reduces crime]",(Intercept),-1.0000000000000004,0.16508685218121624,-6.057417576187703,1.466828087146246e-7,-1.3311222926421078,-0.6688777073578931,53,value
Con Null,Capital Punishment Opponents,"Which view of capital punishment best summarizes your own?
[1: I am very much against capital punishment,
7: I am very much in favor of capital punishment]",(Intercept),0.08695652173913043,0.10474491085018019,0.8301741920760902,0.40934546050617393,-0.12205869358779284,0.29597173706605373,68,value
Con Null,Capital Punishment Opponents,"Does capital punishment reduce crime?
[1: I am very certain that capital punishment does not reduce crime,
7: I am very certain that capital punishment reduces crime]",(Intercept),0.2898550724637681,0.11137643303699989,2.6024811942709336,0.011350904887271557,0.06760686064495844,0.5121032842825778,68,value
Con Null,Capital Punishment Proponents,"Which view of capital punishment best summarizes your own?
[1: I am very much against capital punishment,
7: I am very much in favor of capital punishment]",(Intercept),-0.6956521739130439,0.16112396648912813,-4.317496577766928,8.564947582085049e-5,-1.0201725008487208,-0.37113184697736695,45,value
Con Null,Capital Punishment Proponents,"Does capital punishment reduce crime?
[1: I am very certain that capital punishment does not reduce crime,
7: I am very certain that capital punishment reduces crime]",(Intercept),-1.0434782608695656,0.19892591231041734,-5.245562273663233,4.044387498836642e-6,-1.4441356149901914,-0.6428209067489399,45,value
Null Null,Capital Punishment Opponents,"Which view of capital punishment best summarizes your own?
[1: I am very much against capital punishment,
7: I am very much in favor of capital punishment]",(Intercept),-0.028169014084507057,0.08504190229079792,-0.33123687647748123,0.7414551443924129,-0.19777974006889348,0.14144171189987936,70,value
Null Null,Capital Punishment Opponents,"Does capital punishment reduce crime?
[1: I am very certain that capital punishment does not reduce crime,
7: I am very certain that capital punishment reduces crime]",(Intercept),0.352112676056338,0.1044263655146819,3.3718752378376364,0.001218970643413976,0.14384085722647363,0.5603844948862023,70,value
Null Null,Capital Punishment Proponents,"Which view of capital punishment best summarizes your own?
[1: I am very much against capital punishment,
7: I am very much in favor of capital punishment]",(Intercept),-0.2439024390243904,0.1248437452884852,-1.9536616629114092,0.057759630094240504,-0.4962210602606125,0.008416182211831713,40,value
Null Null,Capital Punishment Proponents,"Does capital punishment reduce crime?
[1: I am very certain that capital punishment does not reduce crime,
7: I am very certain that capital punishment reduces crime]",(Intercept),-0.7317073170731713,0.12602937251476898,-5.805847497871378,8.860762036578863e-7,-0.9864221803185127,-0.4769924538278299,40,value
Pro Con,Capital Punishment Opponents,"Which view of capital punishment best summarizes your own?
[1: I am very much against capital punishment,
7: I am very much in favor of capital punishment]",(Intercept),0.07462686567164181,0.07759802261879396,0.9617109193394247,0.33970510689777833,-0.0803025852700989,0.22955631661338252,66,value
Pro Con,Capital Punishment Opponents,"Does capital punishment reduce crime?
[1: I am very certain that capital punishment does not reduce crime,
7: I am very certain that capital punishment reduces crime]",(Intercept),0.6567164179104481,0.1387288659176326,4.733812343714826,1.2077448507155065e-5,0.3797353003376968,0.9336975354831993,66,value
Pro Con,Capital Punishment Proponents,"Which view of capital punishment best summarizes your own?
[1: I am very much against capital punishment,
7: I am very much in favor of capital punishment]",(Intercept),0.039215686274509796,0.12512200889053973,0.3134195704036113,0.7552656878573252,-0.21209926480693617,0.29053063735595575,50,value
Pro Con,Capital Punishment Proponents,"Does capital punishment reduce crime?
[1: I am very certain that capital punishment does not reduce crime,
7: I am very certain that capital punishment reduces crime]",(Intercept),-0.23529411764705893,0.13310245292923248,-1.7677669529663695,0.08320158879897602,-0.5026382623210315,0.03205002702691356,50,value
Pro Null,Capital Punishment Opponents,"Which view of capital punishment best summarizes your own?
[1: I am very much against capital punishment,
7: I am very much in favor of capital punishment]",(Intercept),0.0579710144927536,0.09876487439318783,0.5869598361657216,0.5591744673441367,-0.13911122387542363,0.25505325286093083,68,value
Pro Null,Capital Punishment Opponents,"Does capital punishment reduce crime?
[1: I am very certain that capital punishment does not reduce crime,
7: I am very certain that capital punishment reduces crime]",(Intercept),0.9420289855072463,0.13038741206687235,7.224846099592067,5.574557165121719e-10,0.6818449556782619,1.202213015336231,68,value
Pro Null,Capital Punishment Proponents,"Which view of capital punishment best summarizes your own?
[1: I am very much against capital punishment,
7: I am very much in favor of capital punishment]",(Intercept),-0.09803921568627454,0.10573700990362954,-0.9271986769403552,0.3582776299472811,-0.310418250414498,0.11433981904194894,50,value
Pro Null,Capital Punishment Proponents,"Does capital punishment reduce crime?
[1: I am very certain that capital punishment does not reduce crime,
7: I am very certain that capital punishment reduces crime]",(Intercept),-0.5098039215686275,0.18655293948653018,-2.732757376923762,0.00865926537845948,-0.8845065280634795,-0.13510131507377554,50,value
Pro Pro,Capital Punishment Opponents,"Which view of capital punishment best summarizes your own?
[1: I am very much against capital punishment,
7: I am very much in favor of capital punishment]",(Intercept),0.3333333333333333,0.11561466260321601,2.8831406486676987,0.005576077410770117,0.1017293335107127,0.564937333155954,56,value
Pro Pro,Capital Punishment Opponents,"Does capital punishment reduce crime?
[1: I am very certain that capital punishment does not reduce crime,
7: I am very certain that capital punishment reduces crime]",(Intercept),1.1578947368421053,0.16938165903862873,6.836010128924519,6.456666033365062e-9,0.8185825004299176,1.497206973254293,56,value
Pro Pro,Capital Punishment Proponents,"Which view of capital punishment best summarizes your own?
[1: I am very much against capital punishment,
7: I am very much in favor of capital punishment]",(Intercept),-0.09090909090909095,0.1293101791405753,-0.7030312038332429,0.4858254135766782,-0.3516879204626417,0.1698697386444598,43,value
Pro Pro,Capital Punishment Proponents,"Does capital punishment reduce crime?
[1: I am very certain that capital punishment does not reduce crime,
7: I am very certain that capital punishment reduces crime]",(Intercept),-0.20454545454545453,0.15787819271927955,-1.2955902966862132,0.20202875564648928,-0.5229371742306127,0.11384626513970364,43,value
