pid_3,T1_content,sample_label,term,estimate,std.error,statistic,p.value,conf.low,conf.high,df,outcome,Y
Democrat,Con,Original Study,(Intercept),3.4537037037037037,0.11286125241300705,30.601323570866832,2.7120070411552552e-80,3.2312475025996186,3.676159904807789,215,Y,3.4537037037037037
Democrat,Con,Mechanical Turk Replication,(Intercept),2.94147582697201,0.08254366772002723,35.63539043296391,5.123663169259304e-125,2.7791921608887753,3.103759493055245,392,Y,2.94147582697201
Democrat,Control,Original Study,(Intercept),4.0638297872340425,0.23833421158101392,17.050971240243772,1.6385426329404568e-21,3.5840879016706877,4.543571672797397,46,Y,4.0638297872340425
Democrat,Control,Mechanical Turk Replication,(Intercept),3.3731343283582094,0.19931567785084706,16.92357753654688,1.0630524790947123e-25,2.9751877378218468,3.771080918894572,66,Y,3.3731343283582094
Democrat,Pro,Original Study,(Intercept),4.751269035532994,0.11636214029267469,40.83174324211102,8.591885396769833e-98,4.521786462020989,4.980751609044999,196,Y,4.751269035532994
Democrat,Pro,Mechanical Turk Replication,(Intercept),3.9069212410501177,0.08906637871311586,43.86527551136181,1.6197371456920539e-158,3.73184742710493,4.081995054995306,418,Y,3.9069212410501177
Republican,Con,Original Study,(Intercept),4.218934911242604,0.13751449221560666,30.679929389753386,9.27017446373534e-71,3.9474558371429596,4.490413985342248,168,Y,4.218934911242604
Republican,Con,Mechanical Turk Replication,(Intercept),3.7062500000000003,0.13376410611560066,27.707358181700936,9.558051414691672e-63,3.442066397017463,3.9704336029825376,159,Y,3.7062500000000003
Republican,Control,Original Study,(Intercept),5.06060606060606,0.28517470037452597,17.74563470728595,4.0241909634534735e-18,4.479724204701943,5.641487916510176,32,Y,5.06060606060606
Republican,Control,Mechanical Turk Replication,(Intercept),4.354838709677419,0.32311783228638113,13.477556094204362,2.907044142084393e-14,3.69494406065918,5.014733358695658,30,Y,4.354838709677419
Republican,Pro,Original Study,(Intercept),5.625766871165644,0.10767906342054318,52.24568911037122,2.674540589769537e-103,5.413131324815609,5.838402417515679,162,Y,5.625766871165644
Republican,Pro,Mechanical Turk Replication,(Intercept),4.90243902439024,0.12630273189218733,38.81498801288786,2.934333210775153e-84,4.6530385403006145,5.151839508479866,163,Y,4.90243902439024
