pid_3,Z_brader_pos_neg,sample_label,term,estimate,std.error,statistic,p.value,conf.low,conf.high,df,outcome,Y
Democrat,negative,Original Study,(Intercept),1.9886299831555305,0.14765328046911447,13.468241117551766,8.58199554742056e-20,1.6932794478199003,2.283980518491161,60,Y,1.9886299831555305
Democrat,negative,Mechanical Turk Replication,(Intercept),3.052941176470598,0.04789858037787943,63.73761293937033,8.892589119626384e-245,2.958837922715348,3.1470444302258476,509,Y,3.052941176470598
Democrat,control,Original Study,(Intercept),2.6474164133738602,0.3417695244706516,7.746203870793631,1.942315169231503e-8,1.9473332786002129,3.347499548147508,28,Y,2.6474164133738602
Democrat,control,Mechanical Turk Replication,(Intercept),3.2879999999999963,0.06121448236655784,53.712779605178326,6.0623910234955595e-139,3.1674358201455406,3.408564179854452,249,Y,3.2879999999999963
Democrat,positive,Original Study,(Intercept),2.508497620666213,0.2539984558387427,9.876034924632753,6.043014907806017e-13,1.9972252467760767,3.019769994556349,46,Y,2.508497620666213
Democrat,positive,Mechanical Turk Replication,(Intercept),3.3408239700374454,0.04274200850000097,78.16254049075324,3.801439859792097e-294,3.256860511658328,3.424787428416563,533,Y,3.3408239700374454
Republican,negative,Original Study,(Intercept),1.6861365235749473,0.1331813929183807,12.660451183359259,3.3308509910404543e-18,1.419445384435626,1.9528276627142684,57,Y,1.6861365235749473
Republican,negative,Mechanical Turk Replication,(Intercept),2.3422459893048164,0.08647484167605288,27.085866176884196,1.8329250215736826e-66,2.1716484117885617,2.512843566821071,186,Y,2.3422459893048164
Republican,control,Original Study,(Intercept),2.1195589088798603,0.1826052843451084,11.607325146593649,8.730539536907099e-12,1.7442083712567376,2.4949094465029833,26,Y,2.1195589088798603
Republican,control,Mechanical Turk Replication,(Intercept),2.327433628318582,0.10550768082784483,22.05937624689351,1.4334090336667856e-42,2.118383683273325,2.536483573363839,112,Y,2.327433628318582
Republican,positive,Original Study,(Intercept),2.209971038477452,0.2303779991393448,9.592804203237932,1.1919300160065677e-13,1.7489857269864002,2.6709563499685034,59,Y,2.209971038477452
Republican,positive,Mechanical Turk Replication,(Intercept),2.5865384615384595,0.08269576444858955,31.27776227458981,2.2204115504797815e-80,2.423504556479941,2.749572366596978,207,Y,2.5865384615384595
