study_label,sample_label2,term_label,topic,prediction,estimate_estimate_w1,estimate_estimate_w2,estimate_estimate_ratio,std.error_estimate_w1,std.error_estimate_w2,std.error_estimate_ratio,conf.low_estimate_w1,conf.low_estimate_w2,conf.low_estimate_ratio,conf.high_estimate_w1,conf.high_estimate_w2,conf.high_estimate_ratio,w1_sign,estimate_w1_estimate_abs,estimate_w1_conf.low_abs,estimate_w1_conf.high_abs,estimate_w2_estimate_abs,estimate_w2_conf.low_abs,estimate_w2_conf.high_abs,estimate_id
Chong and Druckman (2010),Original Study,Six anti-Patriot Act statements,NA,stronger persistence,-0.3834364753866033,0.03200183222316492,-0.0834605841577768,0.11215816134237401,0.1185109361054241,1.8919648653599364,-0.5998822370152496,-0.2020440458657599,-1.272817089778882,-0.17414833760724122,0.2672235247735503,0.3977493259206918,-1,0.3834364753866033,0.5998822370152496,0.17414833760724122,-0.03200183222316492,0.2020440458657599,-0.2672235247735503,Chong and Druckman (2010)Original StudySix anti-Patriot Act statementsNA
Chong and Druckman (2010),Original Study,Six pro-Patriot Act statements,NA,stronger persistence,0.3596326988943671,0.16379289820281104,0.45544495455047873,0.11011335221487933,0.11730442783957065,0.48577639070531026,0.14479652597704212,-0.058353158029927465,-0.269221566871992,0.581741565089785,0.3935790873647078,0.8980834097422893,1,0.3596326988943671,0.14479652597704212,0.581741565089785,0.16379289820281104,-0.058353158029927465,0.3935790873647078,Chong and Druckman (2010)Original StudySix pro-Patriot Act statementsNA
Chong and Druckman (2010),MTurk,Six anti-Patriot Act statements,NA,stronger persistence,-0.34233163160420566,-0.0638758065491784,0.18659043060043554,0.11777308200007516,0.12287239783520967,5.043165517130278,-0.5823641673192944,-0.2877752053130409,-1.4545317111956633,-0.10852147961469108,0.1816644739626526,0.6189821482403981,-1,0.34233163160420566,0.5823641673192944,0.10852147961469108,0.0638758065491784,0.2877752053130409,-0.1816644739626526,Chong and Druckman (2010)MTurkSix anti-Patriot Act statementsNA
Chong and Druckman (2010),MTurk,Six pro-Patriot Act statements,NA,stronger persistence,0.2616641491795769,-0.01173254250475208,-0.0448381734430886,0.11705853129714633,0.12219086778604107,70.4801684021306,0.0279812545874935,-0.24600568186679966,-3.1868190908399328,0.49794501310512745,0.2441761607329898,0.6229019231967927,1,0.2616641491795769,0.0279812545874935,0.49794501310512745,-0.01173254250475208,-0.24600568186679966,0.2441761607329898,Chong and Druckman (2010)MTurkSix pro-Patriot Act statementsNA
Hiscox (2006),MTurk,Expert cue,NA,weaker persistence,0.2832771631146118,0.13954018476161484,0.49259242512661683,0.04611082299993307,0.04725278425965638,0.1464474157318816,0.19200676985019285,0.04623546169954438,0.19146716122556642,0.3738531811469091,0.2316246922065879,0.7679863261090949,1,0.2832771631146118,0.19200676985019285,0.3738531811469091,0.13954018476161484,0.04623546169954438,0.2316246922065879,Hiscox (2006)MTurkExpert cueNA
Hiscox (2006),GfK,Expert cue,NA,weaker persistence,0.176233700640857,1.033369030442345e-4,5.863628957938223e-4,0.060411687848179865,0.06135640446243619,1.5931695261108407,0.059405692206622215,-0.12370195728293919,-1.4784390926828235,0.29277335952751643,0.12141988648674212,0.5772044694615165,1,0.176233700640857,0.059405692206622215,0.29277335952751643,1.033369030442345e-4,-0.12370195728293919,0.12141988648674212,Hiscox (2006)GfKExpert cueNA
Hiscox (2006),MTurk,Negative frame,NA,weaker persistence,-0.2586523666987445,-0.13096174922441745,0.5063234135295973,0.058514709226602464,0.05774872006115461,0.20070180675184585,-0.37278012876074107,-0.24439526559958213,0.08623939873684908,-0.14147253132534768,-0.01710699559528037,0.8911019504215517,-1,0.2586523666987445,0.37278012876074107,0.14147253132534768,0.13096174922441745,0.24439526559958213,0.01710699559528037,Hiscox (2006)MTurkNegative frameNA
Hiscox (2006),MTurk,Positive frame,NA,weaker persistence,-0.07830677963784174,-0.1085681332696571,1.3864461515563533,0.052663741646661356,0.055234199577932366,51.555270710719924,-0.18150420335672215,-0.21918035430041088,-3.9570046619924004,0.029145642427029942,-0.0022276781917351255,7.699589652060036,-1,0.07830677963784174,0.18150420335672215,-0.029145642427029942,0.1085681332696571,0.21918035430041088,0.0022276781917351255,Hiscox (2006)MTurkPositive frameNA
Hiscox (2006),GfK,Negative frame,NA,weaker persistence,-0.32806322044063446,-0.03422221303171745,0.10431590894508767,0.07488799933616778,0.07236241782310072,0.24372109517589446,-0.47798650405195975,-0.1762112390458673,-0.49536271659582837,-0.1832897384957928,0.11103088693686441,0.466014027730018,-1,0.32806322044063446,0.47798650405195975,0.1832897384957928,0.03422221303171745,0.1762112390458673,-0.11103088693686441,Hiscox (2006)GfKNegative frameNA
Hiscox (2006),GfK,Positive frame,NA,weaker persistence,-0.04140914868722603,-0.014761876740479778,0.35648829325084747,0.07052564419537276,0.07432148512799198,17.75764930286013,-0.17252432492095068,-0.15666654799070492,-6.773376117632575,0.09455769572254615,0.12459499577944981,9.79117542587792,-1,0.04140914868722603,0.17252432492095068,-0.09455769572254615,0.014761876740479778,0.15666654799070492,-0.12459499577944981,Hiscox (2006)GfKPositive frameNA
"Brader, Valentino, and Suhay (2008)",MTurk,Negative article,NA,weaker persistence,-0.1381019867041336,-0.022071031696747675,0.15981690215675265,0.06526502763434118,0.06730803160961477,6.720694503898458,-0.2654062929021136,-0.1490062787099215,-3.3871660466647904,-0.00937240246512344,0.11442160612582863,1.0295622060321263,-1,0.1381019867041336,0.2654062929021136,0.00937240246512344,0.022071031696747675,0.1490062787099215,-0.11442160612582863,"Brader, Valentino, and Suhay (2008)MTurkNegative articleNA"
"Brader, Valentino, and Suhay (2008)",MTurk,Positive article,NA,weaker persistence,0.05935288276730947,0.025122688093610537,0.4232766282322461,0.0619515931959134,0.0656640565732951,78.16055255337672,-0.05669290662932867,-0.09524825309968514,-5.692716782720067,0.1830728102868667,0.15818083053984086,6.495969416186932,1,0.05935288276730947,-0.05669290662932867,0.1830728102868667,0.025122688093610537,-0.09524825309968514,0.15818083053984086,"Brader, Valentino, and Suhay (2008)MTurkPositive articleNA"
Johnston and Ballard (2016),MTurk,Immigration,Immigration,weaker persistence,0.3203699022509353,0.06237400282153692,0.19469370369467914,0.041943627492521646,0.04246873969553089,0.1283101438873925,0.23279763876842155,-0.022755009349713754,-0.07929907837743677,0.39676004232667095,0.1431480544134588,0.4207061195109511,1,0.3203699022509353,0.23279763876842155,0.39676004232667095,0.06237400282153692,-0.022755009349713754,0.1431480544134588,Johnston and Ballard (2016)MTurkImmigrationImmigration
Johnston and Ballard (2016),MTurk,Health Care,Health Care,weaker persistence,0.3667052236275571,0.005224469003800772,0.014247053674662094,0.04265874053842334,0.04230757324715459,0.11864184752730911,0.2817802841431191,-0.07579522887273543,-0.22534316924124811,0.4471962284501216,0.08898939255159403,0.22159289423817358,1,0.3667052236275571,0.2817802841431191,0.4471962284501216,0.005224469003800772,-0.07579522887273543,0.08898939255159403,Johnston and Ballard (2016)MTurkHealth CareHealth Care
Johnston and Ballard (2016),MTurk,Trade with China,Trade with China,weaker persistence,0.42369680754227446,0.08115577421604811,0.1915420951288399,0.04189284243647881,0.042003036919595615,0.09213902269640817,0.34211204792165834,0.0013586653966922977,0.004109804972782011,0.5051438568622196,0.16505784733999154,0.3613741297562471,1,0.42369680754227446,0.34211204792165834,0.5051438568622196,0.08115577421604811,0.0013586653966922977,0.16505784733999154,Johnston and Ballard (2016)MTurkTrade with ChinaTrade with China
Johnston and Ballard (2016),MTurk,Tax Cut,Tax Cut,weaker persistence,0.44346217706117946,-0.005600825265014348,-0.012629769921148577,0.04280166023044983,0.041505037678703206,0.0957592097729276,0.36022999944837397,-0.08760813581254481,-0.21773658001180055,0.5277885395723788,0.072195648141056,0.16121867121863412,1,0.44346217706117946,0.36022999944837397,0.5277885395723788,-0.005600825265014348,-0.08760813581254481,0.072195648141056,Johnston and Ballard (2016)MTurkTax CutTax Cut
Johnston and Ballard (2016),MTurk,Gold Standard,Gold Standard,weaker persistence,0.51623603803659,0.1580980494370655,0.3062514775961065,0.04115839249832284,0.04192826150994481,0.07607847409497821,0.4340980779112969,0.07487572710991218,0.156560223164881,0.5948322879299728,0.2404293005661931,0.45221362182046293,1,0.51623603803659,0.4340980779112969,0.5948322879299728,0.1580980494370655,0.07487572710991218,0.2404293005661931,Johnston and Ballard (2016)MTurkGold StandardGold Standard
"Coppock, Ekins, and Kirby (2018)",MTurk,Amtrak op-ed,amtrak,stronger persistence,0.29701246408715093,0.055459650577935636,0.18672499401123577,0.07008867137526098,0.06723976999309113,0.2337148939150381,0.16171450483405034,-0.07500004702210895,-0.3804616007766445,0.43925056854432587,0.18945581024900499,0.5298423167117647,1,0.29701246408715093,0.16171450483405034,0.43925056854432587,0.055459650577935636,-0.07500004702210895,0.18945581024900499,"Coppock, Ekins, and Kirby (2018)MTurkAmtrak op-edamtrak"
"Coppock, Ekins, and Kirby (2018)",MTurk,NA,climate,stronger persistence,0.23507960372124606,0.13846513932524976,0.5890138367318318,0.05985759506968512,0.05957788461540766,0.2292061005923216,0.11983510570471885,0.023079345767728587,0.14392636472472398,0.35506269453133477,0.2545450505787507,0.9717853100267518,1,0.23507960372124606,0.11983510570471885,0.35506269453133477,0.13846513932524976,0.023079345767728587,0.2545450505787507,"Coppock, Ekins, and Kirby (2018)MTurkNAclimate"
"Coppock, Ekins, and Kirby (2018)",MTurk,Flat tax op-ed,flat,stronger persistence,0.38245401110097105,0.2647169250667632,0.692153611632212,0.06218955483282274,0.06631558264968249,0.13479960517534303,0.2614063951812486,0.1416501457256598,0.43485890741834754,0.5050991600275665,0.39299196492819755,0.9654180168564332,1,0.38245401110097105,0.2614063951812486,0.5050991600275665,0.2647169250667632,0.1416501457256598,0.39299196492819755,"Coppock, Ekins, and Kirby (2018)MTurkFlat tax op-edflat"
"Coppock, Ekins, and Kirby (2018)",MTurk,Veterans op-ed,veterans,stronger persistence,0.7659091584700795,0.4214407926601335,0.550249057606219,0.06434108798699796,0.061978841634168766,0.06558247506672948,0.6396345993714527,0.3050256774727559,0.42524634465481137,0.8886282657332483,0.5457029684348064,0.6806413568833622,1,0.7659091584700795,0.6396345993714527,0.8886282657332483,0.4214407926601335,0.3050256774727559,0.5457029684348064,"Coppock, Ekins, and Kirby (2018)MTurkVeterans op-edveterans"
"Coppock, Ekins, and Kirby (2018)",MTurk,Wallstreet op-ed,wallstreet,stronger persistence,0.5435271728937292,0.20243317117222778,0.3724435157390147,0.06679603902455834,0.06745332770242973,0.10017216732498532,0.4115430522013307,0.07593572143687317,0.1669815019732549,0.6739837428881758,0.34234548914759533,0.5608261546014354,1,0.5435271728937292,0.4115430522013307,0.6739837428881758,0.20243317117222778,0.07593572143687317,0.34234548914759533,"Coppock, Ekins, and Kirby (2018)MTurkWallstreet op-edwallstreet"
"Coppock, Ekins, and Kirby (2018)",Policy Professionals,Amtrak op-ed,amtrak,stronger persistence,0.37710002722421904,0.17612927395246045,0.4670624800770331,0.08567530701997426,0.07127070816247953,0.15398994237062277,0.21486291838459873,0.046489569015254396,0.1614724030659288,0.5438396111112296,0.3187469502238981,0.7682012722250089,1,0.37710002722421904,0.21486291838459873,0.5438396111112296,0.17612927395246045,0.046489569015254396,0.3187469502238981,"Coppock, Ekins, and Kirby (2018)Policy ProfessionalsAmtrak op-edamtrak"
"Coppock, Ekins, and Kirby (2018)",Policy Professionals,Flat tax op-ed,flat,stronger persistence,0.19377885235850614,0.07554447555638254,0.38984891610679634,0.0790739863140119,0.077776797646157525,2.57716222042732,0.0364040258199887,-0.07607651823575161,-0.9547519844745503,0.3441497952450977,0.23166998285676446,0.9608541490241818,1,0.19377885235850614,0.0364040258199887,0.3441497952450977,0.07554447555638254,-0.07607651823575161,0.23166998285676446,"Coppock, Ekins, and Kirby (2018)Policy ProfessionalsFlat tax op-edflat"
"Coppock, Ekins, and Kirby (2018)",Policy Professionals,Veterans op-ed,veterans,stronger persistence,0.18217429967523782,0.09916308248044677,0.5443308010911793,0.07796137789865598,0.07877130752978231,39.45204314988078,0.026161627943126122,-0.052251828731578694,-0.6631432908314622,0.3367469361198675,0.25171342908850075,1.508257576893417,1,0.18217429967523782,0.026161627943126122,0.3367469361198675,0.09916308248044677,-0.052251828731578694,0.25171342908850075,"Coppock, Ekins, and Kirby (2018)Policy ProfessionalsVeterans op-edveterans"
"Coppock, Ekins, and Kirby (2018)",Policy Professionals,Wallstreet op-ed,wallstreet,stronger persistence,0.5509075138593192,0.20847694810419057,0.37842458644960075,0.07952561066001564,0.0827320501760637,0.1271234748507685,0.4013927648531893,0.058757203534078775,0.11932445940984819,0.7096356578999109,0.36879025794495124,0.6059127084491083,1,0.5509075138593192,0.4013927648531893,0.7096356578999109,0.20847694810419057,0.058757203534078775,0.36879025794495124,"Coppock, Ekins, and Kirby (2018)Policy ProfessionalsWallstreet op-edwallstreet"
Hopkins and Mummolo (2017),MTurk,Crime statement,Crime,weaker persistence,-0.009104757208580365,0.04949871817562184,-5.436577499175269,0.06019899124533701,0.05839653887402992,94.87699684433647,-0.12447584321405436,-0.0639503091147245,-13.271319452942286,0.1077135367930742,0.16843667580718344,15.286476506964503,-1,0.009104757208580365,0.12447584321405436,-0.1077135367930742,-0.04949871817562184,0.0639503091147245,-0.16843667580718344,Hopkins and Mummolo (2017)MTurkCrime statementCrime
Hopkins and Mummolo (2017),MTurk,Health statement,Health,weaker persistence,-0.06895240731899015,-0.05241343111302021,0.7601392489538947,0.044844456686375364,0.04682765840104143,1075.4338954534655,-0.15595591743190734,-0.143200093664135,-3.7817045241654728,0.017672635882270776,0.03921016105241133,3.1106489653596285,-1,0.06895240731899015,0.15595591743190734,-0.017672635882270776,0.05241343111302021,0.143200093664135,-0.03921016105241133,Hopkins and Mummolo (2017)MTurkHealth statementHealth
Hopkins and Mummolo (2017),MTurk,Stimulus statement,Stimulus,weaker persistence,-0.21572186091736203,-0.09475268660698326,0.43923544050679586,0.04776556290292452,0.04636193799388081,0.1962519792435075,-0.3075956414274236,-0.18363597343472726,0.01786568149918807,-0.12496073415677189,-0.0029175573920656845,0.8025135758046736,-1,0.21572186091736203,0.3075956414274236,0.12496073415677189,0.09475268660698326,0.18363597343472726,0.0029175573920656845,Hopkins and Mummolo (2017)MTurkStimulus statementStimulus
Hopkins and Mummolo (2017),MTurk,Terror statement,Terror,weaker persistence,0.13327489054557368,0.06621191050885068,0.4968070897511588,0.05515282957675708,0.05239620279630646,2.9676287765664626,0.025667819172058688,-0.041139020206852984,-0.8996792649428561,0.23703389207110884,0.16291264902684635,1.0869136367317564,1,0.13327489054557368,0.025667819172058688,0.23703389207110884,0.06621191050885068,-0.041139020206852984,0.16291264902684635,Hopkins and Mummolo (2017)MTurkTerror statementTerror
Hopkins and Mummolo (2017),GfK,Crime statement,Crime,weaker persistence,0.043645250808224706,-0.06831722231272615,-1.5652842187322737,0.05740120265527405,0.05180965594017978,553.8770842840904,-0.06859244747177494,-0.163496837507032,-21.75224002515896,0.1567040713456624,0.034410995451720175,21.95081458025863,1,0.043645250808224706,-0.06859244747177494,0.1567040713456624,-0.06831722231272615,-0.163496837507032,0.034410995451720175,Hopkins and Mummolo (2017)GfKCrime statementCrime
Hopkins and Mummolo (2017),GfK,Health statement,Health,weaker persistence,0.02145787461637566,0.058229132480747216,2.713648649820585,0.050908825204750895,0.04801283676547643,40.39450781501079,-0.07757282853353185,-0.034225501438197733,-12.853863186234525,0.12154101303635668,0.15225407456191234,14.634503669683557,1,0.02145787461637566,-0.07757282853353185,0.12154101303635668,0.058229132480747216,-0.034225501438197733,0.15225407456191234,Hopkins and Mummolo (2017)GfKHealth statementHealth
Hopkins and Mummolo (2017),GfK,Stimulus statement,Stimulus,weaker persistence,-0.27786803322226494,-0.06170875859653998,0.22207937300646427,0.050162419312647914,0.051159438549522616,0.17626939869545766,-0.3782035769182099,-0.16204507401965104,-0.18364112010374756,-0.18071837202573085,0.040186382094368346,0.5170465952021268,-1,0.27786803322226494,0.3782035769182099,0.18071837202573085,0.06170875859653998,0.16204507401965104,-0.040186382094368346,Hopkins and Mummolo (2017)GfKStimulus statementStimulus
Hopkins and Mummolo (2017),GfK,Terror statement,Terror,weaker persistence,0.20213030190125303,0.04388566409282075,0.21711571041070463,0.052483111657404234,0.05176211394583628,0.27062622088265587,0.09512097622273206,-0.052344649982331,-0.4130243448255195,0.3034629564126966,0.14642922259852512,0.5921328963080883,1,0.20213030190125303,0.09512097622273206,0.3034629564126966,0.04388566409282075,-0.052344649982331,0.14642922259852512,Hopkins and Mummolo (2017)GfKTerror statementTerror
Guess and Coppock (2018),MTurk,Two anti-minimum wage videos,NA,stronger persistence,-0.19194128313520623,-0.10099984284822026,0.5262017696165682,0.0777347768569956,0.0827673941562833,11.293992004541723,-0.344628247613279,-0.2625794442470597,-0.731987911757507,-0.04151222766279105,0.06392912057814577,1.2538755723470234,-1,0.19194128313520623,0.344628247613279,0.04151222766279105,0.10099984284822026,0.2625794442470597,-0.06392912057814577,Guess and Coppock (2018)MTurkTwo anti-minimum wage videosNA
Guess and Coppock (2018),MTurk,Two pro-minimum wage videos,NA,stronger persistence,0.48594471741744705,0.29804760428929455,0.6133364426169059,0.08146752269134172,0.0821065525424062,0.12075018838019431,0.3274367417984183,0.13547589313133557,0.3481031892847355,0.6471687448477863,0.4620133005371215,0.8291503235136294,1,0.48594471741744705,0.3274367417984183,0.6471687448477863,0.29804760428929455,0.13547589313133557,0.4620133005371215,Guess and Coppock (2018)MTurkTwo pro-minimum wage videosNA
"Lord, Ross, and Lepper (1979)",MTurk,Two con studies,NA,stronger persistence,-0.05149681850493491,-0.07169958251629595,1.3923109154680111,0.04573658103207463,0.044594778318214644,26.753130081343432,-0.14178384053362716,-0.16157661143378388,-6.195284099884477,0.03624823271740506,0.015461570809516448,7.779785174063766,-1,0.05149681850493491,0.14178384053362716,-0.03624823271740506,0.07169958251629595,0.16157661143378388,-0.015461570809516448,"Lord, Ross, and Lepper (1979)MTurkTwo con studiesNA"
"Lord, Ross, and Lepper (1979)",MTurk,Two pro studies,NA,stronger persistence,0.1458411252048803,0.09577705783129067,0.6567218793515293,0.05362797445378423,0.050283828279030614,1.4132118875355815,0.043066736538006495,-0.0034923720910865186,-0.02760826882132275,0.25337679002587626,0.19230823184412926,1.1076351307085335,1,0.1458411252048803,0.043066736538006495,0.25337679002587626,0.09577705783129067,-0.0034923720910865186,0.19230823184412926,"Lord, Ross, and Lepper (1979)MTurkTwo pro studiesNA"
