facet,estimate_group_1,estimate_group_2
Partisanship,0.3405578716121402,0.46980082144006363
Partisanship,0.7242701133650338,0.7852601469110974
Partisanship,0.24094151104762623,0.36202679492299544
Partisanship,0.5388886727701957,0.6676842691841538
Partisanship,0.5715749700592901,0.37604506641337515
Partisanship,0.4510465239037872,0.45448825816310967
Partisanship,0.20394126815342825,-0.012851471127608052
Partisanship,0.2497722957939991,0.2119525480456274
Partisanship,0.13066190190892435,0.3074574889140432
Partisanship,0.23917656279525373,0.2971445933711847
Partisanship,0.2014815185659698,0.16142901941478693
Partisanship,0.2582745703786705,0.26581102462055906
Partisanship,0.2643098055540502,0.24738808628014164
Partisanship,0.2062524840747167,-0.02464808674007496
Partisanship,-0.20495715363675582,-0.11744576325235963
Partisanship,0.30109988303512597,0.28159066354143086
Partisanship,0.22052487313400745,0.21263704997218597
Partisanship,-0.05990230347837325,0.05295868534171628
Partisanship,0.24605697425301454,0.38999009681407376
Partisanship,0.22668640779070925,0.34322678280087265
Partisanship,0.05330739918563759,0.12884289296734378
Partisanship,0.14352533263678546,0.2950522583582543
Partisanship,0.23832685616532637,0.1719225897605575
Partisanship,0.1292092373983172,0.023170327931083444
Partisanship,0.23402298749713626,0.28349808541748056
Partisanship,0.4116012600570622,0.42479873680000413
Partisanship,0.23196639398606192,0.5995159294845624
Partisanship,0.24457597156658145,0.30175336483107146
Partisanship,0.2723828409560114,0.5753789261801403
Partisanship,0.7091862650851632,0.8263096539356258
Partisanship,0.5030039456327785,0.7119339515962506
Partisanship,0.24951869563061266,0.4362272188160812
Partisanship,0.2259187522676998,0.3380621229424988
Partisanship,0.14092981322250292,0.2665501645056987
Partisanship,0.5505827421127587,0.5337201537189532
Partisanship,0.006722004725864278,0.03463362626566731
Partisanship,-0.05978345960113667,-0.0371489759242518
Partisanship,0.030787262842947458,-0.06698127604366191
Partisanship,-0.44218766801895115,-0.40737254645109644
Partisanship,-0.07955135982486358,-0.10794378369090962
Partisanship,0.8606432601074656,0.9192584334113874
Partisanship,0.5703574779437324,0.6570325998331689
Partisanship,0.8916203624391267,0.3835468438675091
Partisanship,0.8456547007588163,0.5486826370308389
Partisanship,0.08538363477812823,0.05035149413487444
Partisanship,0.5073415308830417,0.6114034132142933
Partisanship,-0.15555167772557635,-0.21223041770299228
Ideology,0.3376642957835245,0.8337315705430756
Ideology,0.4870247031402141,0.7601734639053551
Ideology,0.21717705207440485,-0.13634576718248304
Ideology,0.2390281722673171,0.08772527643794584
Ideology,0.16289952480505293,0.16756984259132612
Ideology,0.22413013609032345,0.32131586993357814
Ideology,0.08146489375041133,0.24958525190593453
Ideology,0.2982067177174293,0.21803592578085465
Ideology,0.23496702561416985,0.4397241605450722
Ideology,0.16266161791839864,-0.011230752316982418
Ideology,-0.13507392250294725,-0.16725836740770686
Ideology,0.2780835635933997,0.3494369485175397
Ideology,0.17328777358966005,0.24089009487310262
Ideology,-0.1410190466554147,0.14568419530787155
Ideology,0.5259484763759407,0.29540057322897983
Ideology,0.4155920788741556,0.1876184474177901
Ideology,0.30884638853297874,0.04560570116084905
Ideology,0.1439373548865879,0.2638191764597652
Ideology,0.22254021893279977,0.1968869500940607
Ideology,0.020930571761999,0.07881821981616108
Ideology,0.3037493711917699,0.228324546945215
Ideology,0.3855054722203097,0.45772760695859055
Ideology,0.22134877072294165,0.5311362409586021
Ideology,0.19260583653370686,0.17487801382999343
Ideology,0.21111968028706943,0.4419824059599692
Ideology,0.6636100629785421,0.8885163881260159
Ideology,0.5308002123730177,0.5920897365453421
Ideology,0.11840887776015849,0.22017553215219654
Ideology,0.2507400938554097,0.23391253067134152
Ideology,0.07635035978724121,0.4198195986241913
Ideology,0.4820855480904503,0.42235191154936264
Ideology,0.09388793787536573,-0.03394149024640457
Ideology,-0.07516420837862049,-0.04825540721694479
Ideology,0.033966310994393144,-0.05394138563220688
Ideology,-0.34435278655533597,-0.34889695968160556
Ideology,-0.12253759979281681,-0.1465152689360456
Ideology,0.9259246604361415,0.8247350837537064
Ideology,0.7772425946928068,0.7281961527034448
Ideology,0.6151096496643602,0.5724697162111965
Ideology,0.7969605642739895,0.6280797963244475
Ideology,-0.0224239293487096,0.08001474844958556
Ideology,0.8875339991571528,0.5044292814530947
Ideology,-0.1314337054548931,-0.2178565411866436
Race,0.43922785500705136,0.2662071207640139
Race,0.7645743169890777,0.7448449899325214
Race,0.3193005245839011,0.3845213966591317
Race,0.6235019472817532,0.4280863700021019
Race,0.1426099318079648,-0.0964020008510805
Race,0.2510787451883531,0.4170862077638591
Race,0.5299747767513826,NA
Race,0.38628696803251505,NA
Race,0.26445531119259863,0.054952861524878674
Race,0.287322971538537,0.24435270954023364
Race,0.22551092245021867,-0.060972236066997296
Race,0.23055927483330763,-0.04556325257524892
Race,0.010231918200080162,0.45356338840930427
Race,-0.2321596740377708,0.5571414357138686
Race,0.332843116877964,0.35238547241676743
Race,0.2219623617676794,0.3857693592773031
Race,-0.006478279859667114,-0.0223755800821515
Race,0.39316084074072905,0.2454470789875083
Race,0.34910010055444407,0.10040186775435367
Race,0.062318957314981605,0.28537653082024006
Race,0.2399006091104361,0.2257066984897579
Race,0.3985475416896722,0.3412975275375366
Race,0.31097204867744066,0.5709051185591822
Race,0.28412726826821083,-0.015295668533581044
Race,0.44584466164879016,0.20682495481367552
Race,0.7335280303562425,0.5469086719050169
Race,0.5857656858644122,0.7977868186660291
Race,0.30679000883254137,0.5120874532261616
Race,0.17096191710879974,0.2259434584288143
Race,0.10559609605074533,0.9233364603117782
Race,0.5808311177428304,0.7431587019590253
Race,0.01262428618899474,0.16338695256309582
Race,-0.06406072460156062,-0.13546631856583366
Race,-0.011643872579356387,0.05791117600777289
Race,-0.3221506602840296,-0.37888135770448916
Race,-0.08503509504239434,-0.04011347595416768
Race,0.9130049921767699,0.6416445221566497
Race,0.7006555704517196,0.8786781495201306
Race,0.633074793288319,1.6188030515750444
Race,0.6590287685682212,0.8854323770953555
Race,0.07649621555180211,NA
Race,0.5366596475514184,0.22623515054904014
Race,-0.21759804517137785,-0.11576705192841537
Gender,0.36011989979661485,0.4733739379542971
Gender,0.8519915514761255,0.7061700338030815
Gender,0.34300699456912853,0.30152223844877285
Gender,0.7162655280877358,0.4812120449644843
Gender,0.07572608367651786,0.1322352863251298
Gender,0.345460857889338,0.15943889361539101
Gender,0.2918778235435898,0.15248218580976797
Gender,0.3142747971905433,0.22620283893560253
Gender,0.23305788087700857,0.12238927981085035
Gender,0.19668429957506245,0.2883404828013937
Gender,0.2988426479431495,0.13744647320323886
Gender,0.15267488924371242,-0.05925392535769861
Gender,-0.05688213606565901,-0.29241218863680657
Gender,0.34251265769226386,0.28433604775060506
Gender,0.2845273349885695,0.17919594444771883
Gender,0.01140908145919652,-0.03196043874821895
Gender,0.355475972804735,0.29595654140506117
Gender,0.26106855438769416,0.3238946137880595
Gender,0.05813404231388039,0.10690738700004053
Gender,0.2828828463657906,0.12052853982662612
Gender,0.2996174995460487,0.1389142257072203
Gender,0.14899662016901127,0.015263117534231938
Gender,0.23718677850347306,0.2660068062842435
Gender,0.44352755079919276,0.36628639442386535
Gender,0.31306725752610853,0.33520204012660265
Gender,0.23115244817773822,0.29276635191276834
Gender,0.4553992277274681,0.44197357416103866
Gender,0.7593987733232163,0.6555704679858043
Gender,0.5735689392226274,0.5186733509639334
Gender,0.5739460799715297,0.215482156696971
Gender,0.18771204772119596,0.2548140114502732
Gender,0.357106245830599,0.08898840717559679
Gender,0.8473630548922785,0.528844156062926
Gender,0.029628460040985762,-0.009894990618345567
Gender,-0.03493558338220109,-0.09924823747694939
Gender,0.010362277312742927,-0.02694534257183165
Gender,-0.3711112046624834,-0.49900484538135537
Gender,-0.017021678317013903,-0.16956972325057876
Gender,0.9207765343671095,0.802836053362495
Gender,0.6312077311927349,0.6594917228046068
Gender,0.740283855794485,0.6380909477333787
Gender,0.7494006890888396,0.6515697476286295
Gender,0.096666901507365,0.08459631179927543
Gender,0.4865300246957759,0.5633316342741002
Gender,-0.2106959121507072,-0.14459554271562639
Age,0.6441757328007777,-0.07402120695931699
Age,0.783195186328556,0.658119936195691
Age,0.4279351027335495,0.2505349783658915
Age,1.1507017478186417,0.519115518207188
Age,0.0050209894771688105,0.6690582281029388
Age,0.4534807710075961,0.0732279232963519
Age,0.364793935038748,0.13462428071854568
Age,0.3524698156117633,0.2834579471141921
Age,0.2144036344225261,0.37306508245874687
Age,0.18551211663287465,0.28295250827935853
Age,0.2775270495818196,0.23757191861393626
Age,0.15083548984520076,0.2554826130790442
Age,0.10131253910326898,0.33132974387784486
Age,-0.0757997667969716,0.28630898042052755
Age,-0.23731867470859994,0.10996030048646649
Age,0.33984796824025515,0.30515820268934313
Age,0.24545365995000548,0.24278892898416102
Age,0.028732033773412057,0.007911321836829306
Age,0.4838116375000998,0.2472884703994147
Age,0.3859144631050213,0.24803615796201378
Age,0.06275509902273234,-0.06896688496627942
Age,0.22083637021987462,0.1485973752248369
Age,0.34220995887943245,0.19380525636051202
Age,0.24202229841982967,0.09250891737648045
Age,0.22971163816961984,0.297315768454327
Age,0.28574121194986324,0.41891967197736546
Age,0.32796765983777276,0.2555032392621193
Age,0.40127907731824075,0.21965271558545715
Age,0.2493922752260028,0.4189403702869353
Age,1.028584932059754,0.6648591255380979
Age,0.43225828372994307,0.5048088160311768
Age,0.49881872954098183,0.309697451818474
Age,0.39677123948450016,0.17456366067875922
Age,0.29900197515340865,-0.05608502834987593
Age,0.7862545924973899,0.7149050892788456
Age,0.03916418998445662,0.023686982394558187
Age,-0.013234876802813711,-0.07200671516668726
Age,-0.03998710290633929,-0.02278244511455414
Age,-0.34212793510879475,-0.3960272142374368
Age,-0.1319862757201644,-0.11436651537148287
Age,0.7956235551343803,0.9261731481193087
Age,NA,NA
Age,NA,NA
Age,NA,NA
Age,0.342099184269174,-0.13782079807490447
Age,NA,NA
Age,NA,NA
Education,0.42721254451871943,0.4019531021922318
Education,0.7843788763809573,0.7815912729650966
Education,0.24273530949746128,0.41524927952998614
Education,0.5183510339823059,0.6609057979078522
Education,0.4549648165103121,0.5694535843685411
Education,0.7615686226490197,0.1909819301925438
Education,0.12567831600460191,0.08186106224455987
Education,0.2940229511737335,0.2211575313642435
Education,0.1619457448003506,0.25978874131720453
Education,0.2173506349732567,0.3144475807291149
Education,0.12371633028374057,0.19985568171581253
Education,0.1750746785318099,0.2766329634451643
Education,0.22680887217400347,0.3090544556526159
Education,0.04515758833384324,0.12526358248452296
Education,-0.11725927014382645,-0.13494359290831953
Education,0.24289353200589517,0.39544777750603793
Education,0.17678527450876366,0.2985863989590965
Education,-0.06093734841021766,0.04808945676077679
Education,0.14000808517931854,0.38833603753983353
Education,0.1590436968254033,0.332582980986627
Education,-0.0011262146183146473,0.09600471758607086
Education,0.38270634873640536,0.11601378689289181
Education,0.23447620179484568,0.2537056892750177
Education,0.2484924639705348,0.04304379402878905
Education,0.2062984984323854,0.2662657034805324
Education,0.3937599045027507,0.41302532898272803
Education,0.2486612561058722,0.412530366679191
Education,0.11736299126395494,0.4164951269872748
Education,0.3513745070158564,0.5432290292140491
Education,0.6529438545394914,0.7637405380169455
Education,0.426282415672439,0.6726373825732767
Education,0.32643568530890194,-0.058994400959439704
Education,0.20650516651240364,-0.16108931758350667
Education,0.14972308830711797,0.49327514602514716
Education,0.6246914150838361,0.5572968471081622
Education,-0.02774010502722418,0.024033697700649555
Education,-0.07379147775637196,-0.05188247309731152
Education,-0.01050182278014865,-0.006808804963064255
Education,-0.23504548211634882,-0.4966926256786768
Education,-0.059963542783954965,-0.17517575028232943
Education,0.6125881433020297,0.9621006840356652
Education,0.19620056200731517,0.8094398275468871
Education,0.2925002176681751,0.8364441593677627
Education,0.34636952049842584,0.830861087990297
Education,0.20625913450693714,0.012703437071386733
Education,0.5882196946871827,0.4968676661813835
Education,-0.1371650603247967,-0.19315989233025777
