key,value,Z,term,estimate,std.error,statistic,p.value,conf.low,conf.high,df,outcome,Y
Partisanship,Democrat,Control,(Intercept),0.4610828967947113,0.03556147497606342,12.965797878323894,3.9883741372613016e-30,0.3910651148349424,0.5311006787544802,266,Y,0.4610828967947113
Partisanship,Democrat,Treatment,(Intercept),0.7092439960597013,0.03359166889296396,21.11368739432467,9.983926367181024e-57,0.6430732383994252,0.7754147537199775,241,Y,0.7092439960597013
Partisanship,Republican,Control,(Intercept),0.31593955518308603,0.036746204537487163,8.59788267005306,1.918725298245981e-15,0.2434988422680587,0.3883802680981133,209,Y,0.31593955518308603
Partisanship,Republican,Treatment,(Intercept),0.6150014964626455,0.03605440977684673,17.05759434890499,2.5381784485221965e-43,0.5439794933722384,0.6860234995530525,241,Y,0.6150014964626455
Gender,Women,Control,(Intercept),0.37634333246079144,0.03525254755757465,10.6756350543502,3.106552178222054e-22,0.3069201179415243,0.4457665469800586,255,Y,0.37634333246079144
Gender,Women,Treatment,(Intercept),0.6143246890112378,0.03630548125611905,16.92099010277401,2.0034752587713695e-43,0.5428238622400511,0.6858255157824246,252,Y,0.6143246890112378
Gender,Men,Control,(Intercept),0.4133538899527152,0.035303044236290396,11.708732175787851,1.3668242623439985e-25,0.3438286110910372,0.48287916881439324,253,Y,0.4133538899527152
Gender,Men,Treatment,(Intercept),0.6889019953263942,0.03233105539593102,21.307748444645423,1.2179219748192584e-58,0.6252332921101756,0.7525706985426127,256,Y,0.6889019953263942
Education,High School,Control,(Intercept),0.3684147671000647,0.04020663483445069,9.1630341265067,8.221512709081266e-17,0.2891060467856749,0.4477234874144545,190,Y,0.3684147671000647
Education,High School,Treatment,(Intercept),0.5988959750626396,0.041039847444241315,14.593036094403812,3.905454937708223e-33,0.5179596001871298,0.6798323499381493,196,Y,0.5988959750626396
Education,Some College,Control,(Intercept),0.43076100918245186,0.04567300997538562,9.431412762473947,9.190800182705858e-17,0.34049015186237264,0.5210318665025311,145,Y,0.43076100918245186
Education,Some College,Treatment,(Intercept),0.6921699307595969,0.0424045320956289,16.32301776608794,3.0383966654072126e-35,0.6083915541864153,0.7759483073327784,152,Y,0.6921699307595969
Education,College,Control,(Intercept),0.39533263367545046,0.04377036197802572,9.031970854477319,3.363375044527339e-16,0.3089364097255647,0.48172885762533624,172,Y,0.39533263367545046
Education,College,Treatment,(Intercept),0.6830544880026878,0.043012065939279906,15.880531964378442,1.2577992018004944e-34,0.5981058206693052,0.7680031553360703,159,Y,0.6830544880026878
Race,White,Control,(Intercept),0.3901557236777731,0.02769379857774554,14.088198214574232,1.5252996152672116e-36,0.33570298685400096,0.4446084605015453,379,Y,0.3901557236777731
Race,White,Treatment,(Intercept),0.652657490161826,0.02687599491926205,24.28403086555377,9.751310519132511e-80,0.5998158237884499,0.705499156535202,386,Y,0.652657490161826
Race,Black,Control,(Intercept),0.4773353623739776,0.07954363013326732,6.0009250467227915,2.4991894170605043e-7,0.3174021748804241,0.6372685498675311,48,Y,0.4773353623739776
Race,Black,Treatment,(Intercept),0.5879960519392734,0.08452734642349054,6.956281923170211,3.2418605498972766e-8,0.41672737969614637,0.7592647241824004,37,Y,0.5879960519392734
Race,Hispanic,Control,(Intercept),0.3064853082715281,0.07211015231214551,4.250237982369464,1.0927729131959989e-4,0.16115684551342901,0.45181377102962716,44,Y,0.3064853082715281
Race,Hispanic,Treatment,(Intercept),0.6791591675673495,0.07319730493005917,9.278472318294964,2.7722463776673335e-12,0.531986122110553,0.8263322130241461,48,Y,0.6791591675673495
