key,value,Z_lab,term,estimate,std.error,statistic,p.value,conf.low,conf.high,df,outcome,Y
Partisanship,Democrat,"Strikes do not violate
international law",(Intercept),3.392368033421797,0.07262329168796479,46.711846221423535,8.104470502089955e-156,3.249554143762749,3.5351819230808452,364,Y,3.392368033421797
Partisanship,Democrat,"Strikes violate
international law",(Intercept),3.2130574362166713,0.05040390147234558,63.746205003188805,9.627561751795505e-299,3.1141017195874707,3.312013152845872,722,Y,3.2130574362166713
Partisanship,Republican,"Strikes do not violate
international law",(Intercept),3.622179211774467,0.08593599336951964,42.14973342077181,5.5298907543071925e-132,3.4531022366715254,3.7912561868774084,317,Y,3.622179211774467
Partisanship,Republican,"Strikes violate
international law",(Intercept),3.377532779798629,0.05793570704923184,58.29794701441227,5.441218845381224e-258,3.263765394680198,3.4913001649170603,639,Y,3.377532779798629
Gender,Women,"Strikes do not violate
international law",(Intercept),3.294478937052447,0.0736865837162639,44.70934559455358,4.0499045268312e-148,3.1495632175396717,3.4393946565652223,356,Y,3.294478937052447
Gender,Women,"Strikes violate
international law",(Intercept),3.0516013905751027,0.04918296083343334,62.0459065266502,1.3366541578889429e-289,2.955040645270128,3.1481621358800775,713,Y,3.0516013905751027
Gender,Men,"Strikes do not violate
international law",(Intercept),3.663278975187548,0.07896603023887894,46.39056774293729,2.8223005499675926e-152,3.5079759300684765,3.8185820203066196,353,Y,3.663278975187548
Gender,Men,"Strikes violate
international law",(Intercept),3.4965979499704507,0.05542541309541123,63.08654739210127,7.893086581206046e-293,3.3877801119644455,3.605415787976456,708,Y,3.4965979499704507
Education,High School,"Strikes do not violate
international law",(Intercept),3.3690195345572236,0.08934343237135134,37.70864231580077,5.364976037557014e-113,3.193165459220363,3.544873609894084,286,Y,3.3690195345572236
Education,High School,"Strikes violate
international law",(Intercept),3.0771244851509425,0.06190665391925318,49.70587635320323,6.102635151183448e-210,2.9555328409577455,3.1987161293441395,573,Y,3.0771244851509425
Education,Some College,"Strikes do not violate
international law",(Intercept),3.4988574437635958,0.1066931550600449,32.79364493246549,1.0571035010727158e-79,3.2883878372441924,3.709327050282999,188,Y,3.4988574437635958
Education,Some College,"Strikes violate
international law",(Intercept),3.3781372628593047,0.0693750118930142,48.69386210800016,3.468780095427967e-165,3.2417291332864964,3.514545392432113,379,Y,3.3781372628593047
Education,College,"Strikes do not violate
international law",(Intercept),3.591413762541488,0.08240318912339176,43.5834316699036,2.728439177110614e-114,3.4290668193262297,3.753760705756746,234,Y,3.591413762541488
Education,College,"Strikes violate
international law",(Intercept),3.433298149504469,0.059999335635065945,57.22226943289545,2.070937097370763e-213,3.3153967039017984,3.5511995951071396,468,Y,3.433298149504469
Race,White,"Strikes do not violate
international law",(Intercept),3.5909923568881807,0.061773834136950145,58.13128498592289,6.776111609749344e-229,3.4696337620971747,3.712350951679187,517,Y,3.5909923568881807
Race,White,"Strikes violate
international law",(Intercept),3.3401584475350274,0.04181729754401484,79.87504319281608,0,3.2581019999149237,3.422214895155131,1034,Y,3.3401584475350274
Race,Black,"Strikes do not violate
international law",(Intercept),3.3140306838043325,0.14051356533118264,23.585129848448062,4.953139219894033e-35,3.033785214400537,3.594276153208128,70,Y,3.3140306838043325
Race,Black,"Strikes violate
international law",(Intercept),3.1805814049442045,0.11521883440969907,27.604700405443996,4.3324754623160486e-61,2.9529442534310095,3.4082185564573995,152,Y,3.1805814049442045
Race,Hispanic,"Strikes do not violate
international law",(Intercept),3.1647045386487713,0.15663811991045506,20.203923160326045,6.039802688817031e-33,2.852924159942954,3.476484917354589,79,Y,3.1647045386487713
Race,Hispanic,"Strikes violate
international law",(Intercept),2.980369947498411,0.12247556860399558,24.3344038445328,8.257462357574216e-55,2.7384332854094207,3.222306609587401,155,Y,2.980369947498411
