topic_label,days,term,estimate,std.error,statistic,p.value,conf.low,conf.high,df,outcome
Amtrak op-ed,0,treatmentTreatment,0.3140606791783233,0.06660426916078442,4.715323554112916,2.7536666147109993e-6,0.183361306809189,0.4447600515474576,1005,dv
Amtrak op-ed,10,treatmentTreatment,0.07740301243879091,0.06338136886454541,1.2212265816507002,0.22228664990681574,-0.04697197485361698,0.2017779997311988,1005,dv
Amtrak op-ed,30,treatmentTreatment,0.07839216972221931,0.06987058675799089,1.1219623787294706,0.2622281804621278,-0.05876725922765276,0.2155515986720914,770,dv
Climate op-ed,0,treatmentTreatment,0.2260257966992549,0.05775225739175624,3.9137136262230094,9.69652288689072e-5,0.11269791341506788,0.3393536799834419,1012,dv
Climate op-ed,10,treatmentTreatment,0.10497805265167486,0.05779329873212594,1.8164398806555753,0.06959866652575825,-0.008430366501434042,0.21838647180478377,1012,dv
Climate op-ed,30,treatmentTreatment,0.05023609910356063,0.0674683788570967,0.7445873156366276,0.4567502018733026,-0.08220931402669623,0.1826815122338175,764,dv
Flat tax op-ed,0,treatmentTreatment,0.4185954652116853,0.05882880658388097,7.115484564774088,2.115284805073434e-12,0.3031543713917075,0.534036559031663,1007,dv
Flat tax op-ed,10,treatmentTreatment,0.2751295145671455,0.06032810544890122,4.560552871997351,5.729319425034571e-6,0.15674631277334367,0.39351271636094737,1007,dv
Flat tax op-ed,30,treatmentTreatment,0.16767146405078637,0.0689274230296094,2.4325799033391853,0.015222676456493183,0.03235956748575544,0.3029833606158173,756,dv
Veterans Administration op-ed,0,treatmentTreatment,0.7060297476692309,0.06087798858652717,11.59745523894463,2.5804795417508087e-29,0.5865705711856959,0.8254889241527659,1029,dv
Veterans Administration op-ed,10,treatmentTreatment,0.3777917501384167,0.05877442702428413,6.4278253190341195,1.9768654516666775e-10,0.26246033374916944,0.49312316652766397,1029,dv
Veterans Administration op-ed,30,treatmentTreatment,0.40238023461467964,0.06960393757819199,5.780998153483083,1.0718043031387432e-8,0.2657480922853488,0.5390123769440105,784,dv
Wall Street op-ed,0,treatmentTreatment,0.5185779382820416,0.06337508344951825,8.182678586847423,8.195031061614463e-16,0.39421777925084767,0.6429380973132355,1022,dv
Wall Street op-ed,10,treatmentTreatment,0.18623364527860886,0.062233641720707215,2.9924915227424767,0.0028335829702985146,0.0641133235335126,0.3083539670237051,1022,dv
Wall Street op-ed,30,treatmentTreatment,0.22061628303520614,0.0711846917801708,3.099209640697791,0.002009341268583691,0.08088222568921496,0.3603503403811973,788,dv
