content_factor,predisposition,outcome_text,term,estimate,std.error,statistic,p.value,conf.low,conf.high,df,outcome,value
Con Study,Capital Punishment Opponents,"How, if at all, has your attitude toward the death penalty changed based on the results and subsequent description and critiques of the study?",(Intercept),-2.284615384615381,0.16968578298464196,-13.463799644441387,1.1102411196850666e-31,-2.6187547838724443,-1.9504759853583176,259,value,-2.284615384615381
Con Study,Capital Punishment Opponents,"How, if at all, has your belief changed about the efficacy of the death penalty in deterring crime?",(Intercept),-2.6730769230769202,0.1759699471829666,-15.190530916609076,1.0636797778348975e-37,-3.019590882023825,-2.3265629641300154,259,value,-2.6730769230769202
Con Study,Capital Punishment Proponents,"How, if at all, has your attitude toward the death penalty changed based on the results and subsequent description and critiques of the study?",(Intercept),0.009756097560975655,0.19127179425616858,0.051006462290563354,0.9593702791049673,-0.36736701843720915,0.3868792135591605,204,value,0.009756097560975655
Con Study,Capital Punishment Proponents,"How, if at all, has your belief changed about the efficacy of the death penalty in deterring crime?",(Intercept),-0.6780487804878043,0.20178254056178038,-3.3602945953602164,9.293062229249106e-4,-1.075895523896155,-0.2802020370794536,204,value,-0.6780487804878043
Null Study,Capital Punishment Opponents,"How, if at all, has your attitude toward the death penalty changed based on the results and subsequent description and critiques of the study?",(Intercept),-1.4535714285714314,0.14353254957553277,-10.127120523324237,9.861264906374703e-21,-1.7361157011723365,-1.1710271559705263,279,value,-1.4535714285714314
Null Study,Capital Punishment Opponents,"How, if at all, has your belief changed about the efficacy of the death penalty in deterring crime?",(Intercept),-2.107142857142861,0.16461042289205755,-12.80078636651465,7.936885365840692e-30,-2.431178989268337,-1.7831067250173853,279,value,-2.107142857142861
Null Study,Capital Punishment Proponents,"How, if at all, has your attitude toward the death penalty changed based on the results and subsequent description and critiques of the study?",(Intercept),0.7514124293785309,0.17564377760278252,4.27804753253398,3.0888400112859524e-5,0.4047733942928368,1.098051464464225,176,value,0.7514124293785309
Null Study,Capital Punishment Proponents,"How, if at all, has your belief changed about the efficacy of the death penalty in deterring crime?",(Intercept),0.21910112359550535,0.18189972216757805,1.204515988175369,0.22999835641733088,-0.13987019308401308,0.5780724402750238,177,value,0.21910112359550535
Pro Study,Capital Punishment Opponents,"How, if at all, has your attitude toward the death penalty changed based on the results and subsequent description and critiques of the study?",(Intercept),-0.41767068273092417,0.1461250944266836,-2.8583090698393705,0.004621003505399917,-0.7054751110975342,-0.1298662543643141,248,value,-0.41767068273092417
Pro Study,Capital Punishment Opponents,"How, if at all, has your belief changed about the efficacy of the death penalty in deterring crime?",(Intercept),-0.20481927710843392,0.1665315985053373,-1.2299123946850814,0.21989536443606694,-0.5328158590839819,0.12317730486711406,248,value,-0.20481927710843392
Pro Study,Capital Punishment Proponents,"How, if at all, has your attitude toward the death penalty changed based on the results and subsequent description and critiques of the study?",(Intercept),2.678947368421054,0.21522499540868512,12.447194450319634,2.303945907875625e-26,2.2543956015786337,3.1034991352634744,189,value,2.678947368421054
Pro Study,Capital Punishment Proponents,"How, if at all, has your belief changed about the efficacy of the death penalty in deterring crime?",(Intercept),2.831578947368423,0.2096668616635937,13.505133452665664,1.5561883372316254e-29,2.4179911278005477,3.2451667669362987,189,value,2.831578947368423
