sample_label,Z_Hiscox_valence,pid_3,term,estimate,std.error,statistic,p.value,conf.low,conf.high,df,outcome,Y
Original Study,Control,Democrat,(Intercept),0.7225433526011562,0.03414014007044038,21.164041832000485,9.288399965878299e-50,0.6551557630562712,0.7899309421460412,172,Y,0.7225433526011562
Original Study,Control,Republican,(Intercept),0.7516778523489941,0.03551344041697441,21.166010488516726,1.283075146175174e-46,0.6814989439153998,0.8218567607825884,148,Y,0.7516778523489941
Original Study,Both,Democrat,(Intercept),0.5092024539877306,0.039277056007874414,12.964374261799145,8.010205026851329e-27,0.43164143146436823,0.586763476511093,162,Y,0.5092024539877306
Original Study,Both,Republican,(Intercept),0.6174496644295308,0.03994976375174463,15.455652460587238,1.0913255835630475e-32,0.5385040376651534,0.6963952911939081,148,Y,0.6174496644295308
Mechanical Turk Replication,Control,Democrat,(Intercept),0.8784403669724793,0.01566773451819789,56.06684016455481,3.5656811262609435e-201,0.847646493464366,0.9092342404805925,435,Y,0.8784403669724793
Mechanical Turk Replication,Control,Republican,(Intercept),0.7738693467336686,0.029729044136178995,26.0307510456383,7.756706289164245e-66,0.7152431520977565,0.8324955413695807,198,Y,0.7738693467336686
Mechanical Turk Replication,Both,Democrat,(Intercept),0.7145969498910665,0.021102171347611456,33.86366919876003,8.787900671611627e-127,0.6731278680782283,0.7560660317039046,458,Y,0.7145969498910665
Mechanical Turk Replication,Both,Republican,(Intercept),0.6701030927835043,0.033843968231049376,19.79977903917111,2.333129808953101e-48,0.6033515622067807,0.736854623360228,193,Y,0.6701030927835043
GfK Replication,Control,Democrat,(Intercept),0.755364806866953,0.0282223938515972,26.764731965648064,7.034724494882986e-73,0.6997598629605388,0.8109697507733671,232,Y,0.755364806866953
GfK Replication,Control,Republican,(Intercept),0.7796610169491528,0.024172686249995034,32.25380120710883,1.4304003155640072e-98,0.7320875825224697,0.8272344513758358,294,Y,0.7796610169491528
GfK Replication,Both,Democrat,(Intercept),0.6651982378854623,0.03139172585587393,21.190241050763774,1.2971506636961015e-55,0.6033403322006058,0.7270561435703188,226,Y,0.6651982378854623
GfK Replication,Both,Republican,(Intercept),0.6523437499999996,0.02982244067785311,21.874257611800576,1.9352639432142127e-60,0.5936141023543826,0.7110733976456165,255,Y,0.6523437499999996
Lucid Replication,Control,Democrat,(Intercept),0.7664974619289339,0.03021851564324092,25.365159261235224,8.033677472312613e-64,0.7069022815714593,0.8260926422864084,196,Y,0.7664974619289339
Lucid Replication,Control,Republican,(Intercept),0.7546012269938657,0.03380939813943353,22.31927418174705,2.7318693359728614e-51,0.687837274775344,0.8213651792123874,162,Y,0.7546012269938657
Lucid Replication,Both,Democrat,(Intercept),0.7599999999999992,0.030275120389072988,25.103120655939698,1.3864365389789982e-63,0.7002987782207571,0.8197012217792413,199,Y,0.7599999999999992
Lucid Replication,Both,Republican,(Intercept),0.6312056737588649,0.040776837890915664,15.479514999359136,3.9915542609840806e-32,0.550587674730776,0.7118236727869539,140,Y,0.6312056737588649
