method,estimate,std.error,conf.low,conf.high
"Group slope: Partisanship, Democrat",2.0226244343891375,0.18643193591418028,1.6252541693070288,2.4199946994712462
"Group slope: Partisanship, Lean Dem",1.9095022624434397,0.2581862029399699,1.359191397517237,2.4598131273696424
"Group slope: Partisanship, Lean Rep",1.9366515837104044,0.2957354860293222,1.3063063164073063,2.5669968510135024
"Group slope: Partisanship, Republican",1.2126696832579171,0.2182988390536781,0.7473767219607285,1.6779626445551057
"Group slope: Ideology, Cons Rep/Ln Rep",1.391402714932125,0.2828606635559803,0.7884994821389945,1.9943059477252558
"Group slope: Ideology, Cons-Mod Dem/Ln Dem",1.938914027149319,0.2296085384461541,1.4495150122216198,2.4283130420770185
"Group slope: Ideology, Lib Dem/Ln Dem",1.5859728506787334,0.11455114989751075,1.3418128542863343,1.8301328470711324
"Group slope: Ideology, Mod-Lib Rep/Ln Rep",1.9321266968325779,0.2974878284799989,1.29804640000932,2.566206993655836
"Group slope: Religion, Black Protestants",1.2012291483758148,0.33439866267111357,0.4840153482212942,1.9184429485303354
"Group slope: Religion, Catholics",1.7217194570135725,0.21958746578682775,1.253679852851616,2.189759061175529
"Group slope: Religion, Unaffiliated",1.5701357466063324,0.2143237960920693,1.1133153888232454,2.0269561043894195
"Group slope: Religion, White evangelical Protestants",1.1787330316742068,0.18332752500693347,0.7879796618095802,1.5694864015388335
"Group slope: Religion, White mainline Protestants",2.090497737556559,0.20629221097823483,1.650796298214479,2.530199176898639
"Group slope: Religious attendance, Attend weekly or more",1.4674275680421511,0.09380931187969609,1.2662266047198494,1.6686285313644529
"Group slope: Religious attendance, Monthly/yearly",2.020017559262524,0.14900998485489844,1.7004229273789042,2.3396121911461436
"Group slope: Religious attendance, Seldom/never",2.155750658472356,0.228704102484268,1.665229143991909,2.6462721729528034
"Group slope: Race, Black",1.4864253393665157,0.3142936007941876,0.8165243867813992,2.156326291951632
"Group slope: Race, Hispanic",1.884767166535078,0.2604875027976492,1.3114380384881228,2.4580962945820333
"Group slope: Race, White",1.9751131221719436,0.18473952183417672,1.5813501523115574,2.3688760920323295
"Group slope: Generation, Baby Boomers (1946-64)",1.2669683257918554,0.17625748897328616,0.8912843810182375,1.6426522705654731
"Group slope: Generation, Generation X (1965-80)",1.1809954751131209,0.295258272799809,0.551667363731204,1.8103235864950378
"Group slope: Generation, Millennials (1981 to 1996)",1.941176470588249,0.1768427840640574,1.5618864214733361,2.320466519703162
"Group slope: Generation, Silent Generation (1928-45)",1.5927601809954732,0.1569733152680567,1.2581794795023624,1.927340882488584
"Group slope: Gender, Men",1.880090497737555,0.23113413783578712,1.3874397446841162,2.3727412507909937
"Group slope: Gender, Women",1.8438914027149302,0.17852313634238423,1.4633783448860496,2.224404460543811
Random effects pooling (DerSimonian and Laird),1.7006776449845198,0.06221993275768333,1.5787288176589565,1.8226264723100831
Random effects pooling (REML),1.7007311774461082,0.06280384867595201,1.5776378959507387,1.8238244589414778
Regression on year with group fixed effects,1.6884379766796431,0.046957383998486805,1.596116691951625,1.7807592614076613
