key,change_in_points,percent_change
Attend weekly or more,NA,NA
Baby Boomers (1946-64),19,0.59375
Black,19,0.59375
Black Protestants,NA,NA
Catholics,21,0.525
Cons Rep/Ln Rep,21,1.4
Cons-Mod Dem/Ln Dem,25,0.6410256410256411
Democrat,28,0.6511627906976745
Generation X (1965-80),9,0.1836734693877551
Hispanic,NA,NA
Lean Dem,28,0.5283018867924528
Lean Rep,27,0.9310344827586207
Lib Dem/Ln Dem,29,0.4915254237288136
Men,25,0.78125
Millennials (1981 to 1996),NA,NA
Mod-Lib Rep/Ln Rep,22,0.5945945945945946
Monthly/yearly,NA,NA
Republican,16,0.7619047619047619
Seldom/never,NA,NA
Silent Generation (1928-45),24,1.1428571428571428
Unaffiliated,18,0.29508196721311475
White,28,0.8235294117647058
White evangelical Protestants,16,1.2307692307692308
White mainline Protestants,28,0.7368421052631579
Women,28,0.7368421052631579
