experiment,value,se_entry,ci_entry
Ballot,Overall,0.54 (0.10),"[0.34, 0.73]"
Ballot,Democrat,0.47 (0.14),"[0.19, 0.75]"
Ballot,Republican,0.55 (0.14),"[0.28, 0.81]"
Ballot,Women,0.52 (0.14),"[0.24, 0.80]"
Ballot,Men,0.55 (0.14),"[0.28, 0.82]"
Ballot,High School,0.63 (0.15),"[0.34, 0.93]"
Ballot,Some College,0.73 (0.18),"[0.37, 1.10]"
Ballot,College,0.16 (0.17),"[-0.17, 0.50]"
Ballot,White,0.58 (0.10),"[0.38, 0.79]"
Ballot,Black,0.73 (0.40),"[-0.08, 1.54]"
Ballot,Hispanic,0.14 (0.26),"[-0.38, 0.66]"
Courts,Overall,0.57 (0.10),"[0.38, 0.77]"
Courts,Democrat,0.74 (0.12),"[0.50, 0.98]"
Courts,Republican,0.32 (0.16),"[-0.01, 0.64]"
Courts,Women,0.61 (0.14),"[0.33, 0.90]"
Courts,Men,0.53 (0.13),"[0.27, 0.79]"
Courts,High School,0.65 (0.16),"[0.34, 0.96]"
Courts,Some College,0.76 (0.18),"[0.40, 1.11]"
Courts,College,0.24 (0.16),"[-0.07, 0.55]"
Courts,White,0.53 (0.10),"[0.32, 0.73]"
Courts,Black,1.34 (0.38),"[0.57, 2.12]"
Courts,Hispanic,0.11 (0.29),"[-0.48, 0.69]"
Legislature,Overall,0.58 (0.09),"[0.40, 0.76]"
Legislature,Democrat,0.70 (0.12),"[0.46, 0.94]"
Legislature,Republican,0.46 (0.14),"[0.19, 0.73]"
Legislature,Women,0.62 (0.13),"[0.37, 0.88]"
Legislature,Men,0.54 (0.13),"[0.28, 0.80]"
Legislature,High School,0.64 (0.14),"[0.37, 0.92]"
Legislature,Some College,0.76 (0.18),"[0.40, 1.11]"
Legislature,College,0.29 (0.15),"[-0.01, 0.58]"
Legislature,White,0.55 (0.10),"[0.35, 0.75]"
Legislature,Black,0.73 (0.33),"[0.07, 1.40]"
Legislature,Hispanic,0.60 (0.21),"[0.17, 1.02]"
