dv,term,initial_position,se_entry,ci_entry
Amount,"Two Anti Minimum Wage
Videos",Opponents,-0.50 (0.66),"[-1.81, 0.82]"
Amount,"Two Anti Minimum Wage
Videos",Overall,-0.61 (0.49),"[-1.58, 0.36]"
Amount,"Two Anti Minimum Wage
Videos",Proponents,-1.14 (0.45),"[-2.03, -0.25]"
Amount,"Two Pro Minimum Wage
Videos",Opponents,0.55 (0.67),"[-0.77, 1.87]"
Amount,"Two Pro Minimum Wage
Videos",Overall,1.48 (0.54),"[0.41, 2.55]"
Amount,"Two Pro Minimum Wage
Videos",Proponents,2.10 (0.49),"[1.14, 3.07]"
Favor,"Two Anti Minimum Wage
Videos",Opponents,-0.72 (0.33),"[-1.38, -0.05]"
Favor,"Two Anti Minimum Wage
Videos",Overall,-0.43 (0.29),"[-1.01, 0.14]"
Favor,"Two Anti Minimum Wage
Videos",Proponents,-0.56 (0.26),"[-1.07, -0.06]"
Favor,"Two Pro Minimum Wage
Videos",Opponents,0.16 (0.34),"[-0.51, 0.83]"
Favor,"Two Pro Minimum Wage
Videos",Overall,0.24 (0.27),"[-0.30, 0.78]"
Favor,"Two Pro Minimum Wage
Videos",Proponents,0.28 (0.20),"[-0.12, 0.67]"
