sample_label,topic,pid_3,se_entry,ci_entry
Original Study,Crime,Democrat,0.10 (0.09),"[-0.08, 0.28]"
Original Study,Crime,Overall,0.08 (0.07),"[-0.05, 0.21]"
Original Study,Crime,Republican,0.07 (0.10),"[-0.12, 0.27]"
Original Study,Health,Democrat,0.05 (0.09),"[-0.14, 0.23]"
Original Study,Health,Overall,-0.04 (0.08),"[-0.20, 0.11]"
Original Study,Health,Republican,-0.12 (0.13),"[-0.37, 0.12]"
Original Study,Stimulus,Democrat,-0.41 (0.11),"[-0.62, -0.20]"
Original Study,Stimulus,Overall,-0.32 (0.09),"[-0.49, -0.15]"
Original Study,Stimulus,Republican,-0.15 (0.14),"[-0.42, 0.12]"
Original Study,Terror,Democrat,0.27 (0.11),"[0.05, 0.48]"
Original Study,Terror,Overall,0.36 (0.08),"[0.21, 0.51]"
Original Study,Terror,Republican,0.49 (0.10),"[0.29, 0.70]"
Mechanical Turk Replication,Crime,Democrat,-0.02 (0.09),"[-0.19, 0.15]"
Mechanical Turk Replication,Crime,Overall,-0.02 (0.07),"[-0.15, 0.12]"
Mechanical Turk Replication,Crime,Republican,0.16 (0.12),"[-0.08, 0.40]"
Mechanical Turk Replication,Health,Democrat,-0.14 (0.07),"[-0.29, -0.00]"
Mechanical Turk Replication,Health,Overall,-0.08 (0.08),"[-0.23, 0.07]"
Mechanical Turk Replication,Health,Republican,-0.09 (0.16),"[-0.41, 0.22]"
Mechanical Turk Replication,Stimulus,Democrat,-0.32 (0.08),"[-0.48, -0.16]"
Mechanical Turk Replication,Stimulus,Overall,-0.41 (0.07),"[-0.56, -0.27]"
Mechanical Turk Replication,Stimulus,Republican,-0.39 (0.15),"[-0.69, -0.10]"
Mechanical Turk Replication,Terror,Democrat,0.24 (0.09),"[0.06, 0.42]"
Mechanical Turk Replication,Terror,Overall,0.15 (0.08),"[0.00, 0.30]"
Mechanical Turk Replication,Terror,Republican,0.09 (0.15),"[-0.20, 0.38]"
GfK Replication,Crime,Democrat,0.24 (0.10),"[0.05, 0.43]"
GfK Replication,Crime,Overall,0.11 (0.07),"[-0.02, 0.25]"
GfK Replication,Crime,Republican,-0.08 (0.10),"[-0.28, 0.12]"
GfK Replication,Health,Democrat,-0.03 (0.10),"[-0.23, 0.16]"
GfK Replication,Health,Overall,-0.04 (0.09),"[-0.21, 0.12]"
GfK Replication,Health,Republican,-0.06 (0.13),"[-0.31, 0.20]"
GfK Replication,Stimulus,Democrat,-0.48 (0.10),"[-0.68, -0.28]"
GfK Replication,Stimulus,Overall,-0.45 (0.08),"[-0.61, -0.30]"
GfK Replication,Stimulus,Republican,-0.46 (0.12),"[-0.69, -0.23]"
GfK Replication,Terror,Democrat,0.38 (0.11),"[0.16, 0.59]"
GfK Replication,Terror,Overall,0.26 (0.08),"[0.11, 0.42]"
GfK Replication,Terror,Republican,0.17 (0.12),"[-0.06, 0.40]"
