study_label,Sample,Treatment,ATE Time 1,ATE Time 2,Persistence Ratio
Chong and Druckman (2010). Prediction: stronger persistence,Original Study,Six anti-Patriot Act statements,-0.38 (0.11),0.03 (0.12),-0.08 (1.08)
Chong and Druckman (2010). Prediction: stronger persistence,Original Study,Six pro-Patriot Act statements,0.36 (0.11),0.16 (0.12),0.46 (0.38)
Chong and Druckman (2010). Prediction: stronger persistence,MTurk,Six anti-Patriot Act statements,-0.34 (0.12),-0.06 (0.12),0.19 (14.76)
Chong and Druckman (2010). Prediction: stronger persistence,MTurk,Six pro-Patriot Act statements,0.26 (0.12),-0.01 (0.12),-0.04 (122.51)
Hiscox (2006). Prediction: weaker persistence,MTurk,Expert cue,0.28 (0.05),0.14 (0.05),0.49 (0.15)
Hiscox (2006). Prediction: weaker persistence,GfK,Expert cue,0.18 (0.06),0.00 (0.06),0.00 (44.16)
Hiscox (2006). Prediction: weaker persistence,MTurk,Negative frame,-0.26 (0.06),-0.13 (0.06),0.51 (0.20)
Hiscox (2006). Prediction: weaker persistence,MTurk,Positive frame,-0.08 (0.05),-0.11 (0.06),1.39 (16.52)
Hiscox (2006). Prediction: weaker persistence,GfK,Negative frame,-0.33 (0.08),-0.03 (0.07),0.10 (0.25)
Hiscox (2006). Prediction: weaker persistence,GfK,Positive frame,-0.04 (0.07),-0.01 (0.07),0.36 (111.50)
"Brader, Valentino, and Suhay (2008). Prediction: weaker persistence",MTurk,Negative article,-0.14 (0.06),-0.02 (0.07),0.16 (30.35)
"Brader, Valentino, and Suhay (2008). Prediction: weaker persistence",MTurk,Positive article,0.06 (0.06),0.03 (0.07),0.42 (46.11)
Johnston and Ballard (2016). Prediction: weaker persistence,MTurk,Immigration,0.32 (0.04),0.06 (0.04),0.19 (0.13)
Johnston and Ballard (2016). Prediction: weaker persistence,MTurk,Health Care,0.37 (0.04),0.01 (0.04),0.01 (0.12)
Johnston and Ballard (2016). Prediction: weaker persistence,MTurk,Trade with China,0.42 (0.04),0.08 (0.04),0.19 (0.09)
Johnston and Ballard (2016). Prediction: weaker persistence,MTurk,Tax Cut,0.44 (0.04),-0.01 (0.04),-0.01 (0.10)
Johnston and Ballard (2016). Prediction: weaker persistence,MTurk,Gold Standard,0.52 (0.04),0.16 (0.04),0.31 (0.07)
"Coppock, Ekins, and Kirby (2018). Prediction: stronger persistence",MTurk,Amtrak op-ed,0.30 (0.07),0.06 (0.07),0.19 (0.23)
"Coppock, Ekins, and Kirby (2018). Prediction: stronger persistence",MTurk,NA,0.24 (0.06),0.14 (0.06),0.59 (0.21)
"Coppock, Ekins, and Kirby (2018). Prediction: stronger persistence",MTurk,Flat tax op-ed,0.38 (0.06),0.26 (0.07),0.69 (0.14)
"Coppock, Ekins, and Kirby (2018). Prediction: stronger persistence",MTurk,Veterans op-ed,0.77 (0.07),0.42 (0.06),0.55 (0.07)
"Coppock, Ekins, and Kirby (2018). Prediction: stronger persistence",MTurk,Wallstreet op-ed,0.54 (0.07),0.20 (0.07),0.37 (0.10)
"Coppock, Ekins, and Kirby (2018). Prediction: stronger persistence",Policy Professionals,Amtrak op-ed,0.38 (0.09),0.18 (0.07),0.47 (0.15)
"Coppock, Ekins, and Kirby (2018). Prediction: stronger persistence",Policy Professionals,Flat tax op-ed,0.19 (0.08),0.08 (0.08),0.39 (1.11)
"Coppock, Ekins, and Kirby (2018). Prediction: stronger persistence",Policy Professionals,Veterans op-ed,0.18 (0.08),0.10 (0.08),0.54 (4.25)
"Coppock, Ekins, and Kirby (2018). Prediction: stronger persistence",Policy Professionals,Wallstreet op-ed,0.55 (0.08),0.21 (0.08),0.38 (0.13)
Hopkins and Mummolo (2017). Prediction: weaker persistence,MTurk,Crime statement,-0.01 (0.06),0.05 (0.06),-5.44 (36.38)
Hopkins and Mummolo (2017). Prediction: weaker persistence,MTurk,Health statement,-0.07 (0.05),-0.05 (0.05),0.76 (31.09)
Hopkins and Mummolo (2017). Prediction: weaker persistence,MTurk,Stimulus statement,-0.22 (0.05),-0.09 (0.05),0.44 (0.20)
Hopkins and Mummolo (2017). Prediction: weaker persistence,MTurk,Terror statement,0.13 (0.06),0.07 (0.05),0.50 (1.08)
Hopkins and Mummolo (2017). Prediction: weaker persistence,GfK,Crime statement,0.04 (0.06),-0.07 (0.05),-1.57 (1113.29)
Hopkins and Mummolo (2017). Prediction: weaker persistence,GfK,Health statement,0.02 (0.05),0.06 (0.05),2.71 (171.95)
Hopkins and Mummolo (2017). Prediction: weaker persistence,GfK,Stimulus statement,-0.28 (0.05),-0.06 (0.05),0.22 (0.18)
Hopkins and Mummolo (2017). Prediction: weaker persistence,GfK,Terror statement,0.20 (0.05),0.04 (0.05),0.22 (0.29)
Guess and Coppock (2018). Prediction: stronger persistence,MTurk,Two anti-minimum wage videos,-0.19 (0.08),-0.10 (0.08),0.53 (1.32)
Guess and Coppock (2018). Prediction: stronger persistence,MTurk,Two pro-minimum wage videos,0.49 (0.08),0.30 (0.08),0.61 (0.13)
"Lord, Ross, and Lepper (1979). Prediction: stronger persistence",MTurk,Two con studies,-0.05 (0.05),-0.07 (0.04),1.39 (15.94)
"Lord, Ross, and Lepper (1979). Prediction: stronger persistence",MTurk,Two pro studies,0.15 (0.05),0.10 (0.05),0.66 (0.43)
