dv,term,initial_position,estimate,std.error,conf.low,conf.high
Amount,"Two Anti Minimum Wage
Videos",Opponents,-0.4954381210478769,0.6633717100804462,-1.808541746577601,0.8176655044818473
Amount,"Two Anti Minimum Wage
Videos",Overall,-0.6089439655172398,0.4927146706008088,-1.5783598428418855,0.3604719118074057
Amount,"Two Anti Minimum Wage
Videos",Proponents,-1.139351351351351,0.45075648829058573,-2.0284812277244777,-0.25022147497822433
Amount,"Two Pro Minimum Wage
Videos",Opponents,0.5490740740740745,0.6683523885500898,-0.7738884990964736,1.8720366472446226
Amount,"Two Pro Minimum Wage
Videos",Overall,1.475696942446046,0.5437670645904853,0.40583550451189576,2.5455583803801964
Amount,"Two Pro Minimum Wage
Videos",Proponents,2.1042042042042057,0.48811230225287544,1.1413889320288644,3.067019476379547
Favor,"Two Anti Minimum Wage
Videos",Opponents,-0.7154471544715441,0.33376498031276214,-1.376114468232025,-0.05477984071106301
Favor,"Two Anti Minimum Wage
Videos",Overall,-0.4342672413793091,0.29169376002644987,-1.0081745738753294,0.13964009111671122
Favor,"Two Anti Minimum Wage
Videos",Proponents,-0.5646846846846846,0.25611622331310463,-1.0698811530375258,-0.0594882163318432
Favor,"Two Pro Minimum Wage
Videos",Opponents,0.1609195402298855,0.3388039607205796,-0.5097221262832565,0.8315612067430276
Favor,"Two Pro Minimum Wage
Videos",Overall,0.24168165467626018,0.27360850222101124,-0.29664294178975054,0.780006251142271
Favor,"Two Pro Minimum Wage
Videos",Proponents,0.27827827827827883,0.1998365064847223,-0.11590486255552462,0.6724614191120823
