sample_label,term,pid_3,se_entry,ci_entry
Original Study,Both,Overall,-0.08 (0.21),"[-0.49, 0.33]"
Original Study,Both,Democrat,-0.21 (0.29),"[-0.78, 0.36]"
Original Study,Both,Republican,0.09 (0.33),"[-0.57, 0.74]"
Original Study,Con,Overall,-0.74 (0.20),"[-1.13, -0.35]"
Original Study,Con,Democrat,-0.61 (0.26),"[-1.13, -0.09]"
Original Study,Con,Republican,-0.84 (0.32),"[-1.46, -0.22]"
Original Study,Pro,Overall,0.65 (0.19),"[0.27, 1.03]"
Original Study,Pro,Democrat,0.69 (0.27),"[0.17, 1.21]"
Original Study,Pro,Republican,0.57 (0.30),"[-0.03, 1.16]"
Mechanical Turk Replication,Both,Overall,-0.14 (0.18),"[-0.50, 0.22]"
Mechanical Turk Replication,Both,Democrat,-0.07 (0.23),"[-0.52, 0.38]"
Mechanical Turk Replication,Both,Republican,-0.12 (0.37),"[-0.85, 0.60]"
Mechanical Turk Replication,Con,Overall,-0.58 (0.17),"[-0.91, -0.24]"
Mechanical Turk Replication,Con,Democrat,-0.43 (0.22),"[-0.85, -0.01]"
Mechanical Turk Replication,Con,Republican,-0.65 (0.35),"[-1.34, 0.04]"
Mechanical Turk Replication,Pro,Overall,0.47 (0.17),"[0.13, 0.81]"
Mechanical Turk Replication,Pro,Democrat,0.53 (0.22),"[0.11, 0.96]"
Mechanical Turk Replication,Pro,Republican,0.55 (0.35),"[-0.13, 1.23]"
