entry,class,source,form,title,location,published,corrected,note
1,label,pipeline,brief,"In table 2.2 (p. 26), the two study rows carry each other's labels, in both panels.","published table 2.2, p. 26","After [[pro]]-capital punishment study

After [[anti]]-capital punishment study","After [[anti]]-capital punishment study

After [[pro]]-capital punishment study","The changed artifact is the two labels alone. Every value is correct, and the rows are in the order the analysis produces them, whose study-content factor runs con before pro and so puts the anti-capital punishment study first. Figure 2.2, printed on the same page from the same variable, shows the con study at 0.0 for proponents and -2.3 for opponents and the pro study at 2.7 and -0.4, which is the table's two rows the other way up. The sentence beneath the figure, reporting that self-assessed change is higher in the pro condition than in the null and higher in the null than in the con, says the same thing again. The ""Combined"" rows are sums of the two and are unaffected, as is the reading of the table that the surrounding text draws from them."
2,quantity,pipeline,full,Four sentences in chapter 6 report persistence figures that the chapter's own tables print differently.,published pp. 114 and 117--118,"Across all 12 studies, the average persistence ratio was about one-third, or 34 percent; that figure is 50 percent in the stronger persistence group and [[20]] percent in the weaker persistence group (see table 6.2).

After ten days treatment effects decay to [[46]] percent (SE = 5 percent) of their original magnitudes.

After thirty days, average persistence declines to [[44]] percent (SE = 6 percent).

For Republicans, persistence after ten days averaged [[57]] percent; this figure was [[43]] percent for Democrats.","Across all 12 studies, the average persistence ratio was about one-third, or 34 percent; that figure is 50 percent in the stronger persistence group and [[21]] percent in the weaker persistence group (see table 6.2).

After ten days treatment effects decay to [[48]] percent (SE = 5 percent) of their original magnitudes.

After thirty days, average persistence declines to [[46]] percent (SE = 6 percent).

For Republicans, persistence after ten days averaged [[53]] percent; this figure was [[48]] percent for Democrats.","The page 118 sentence is the one that moves furthest, and the two halves fail differently. Its 57 percent is table 6.3's Republican estimate after *thirty* days, read one column across from the ten-day estimate the sentence describes; its 43 percent is no cell of the table at all. The sentence that follows, that the Republican and Democratic estimates are not statistically significantly different, is unaffected and holds on the corrected figures, which are closer together than the published pair. The standard errors on page 117 are left as printed. The ten-day one agrees with table 6.3; the thirty-day one says 6 percent where the table prints 0.05, but the reanalysis returns 6 percent as well, so that figure sits inside the bootstrap's noise in a way none of the five estimates above does. Tables 6.2 and 6.3 are otherwise correct as printed and are not reprinted here."
3,label,pipeline,full,Page 114 attributes a persistence estimate to a sample that is not in the persistence analysis.,published p. 114,"Curiously, the different replications of the Hiscox (2006) ""expert"" treatment generated very different persistence estimates: 49 percent on MTurk but 0 percent on [[Lucid]].","Curiously, the different replications of the Hiscox (2006) ""expert"" treatment generated very different persistence estimates: 49 percent on MTurk but 0 percent on [[GfK]].","Table 6.1 lists twelve panel survey experiments and none of them is fielded on Lucid; the Hiscox rows of table 6.4 are Mechanical Turk and GfK, and table 6.4 gives the zero to GfK. The two percentages are left at the whole numbers the sentence uses because they come from a bootstrap the analysis runs without a seed, and a decimal place would state a precision the estimator does not have."
4,quantity,pipeline,full,"In the lower half of table 2.3, the difference between the two convincingness ratings for proponents does not equal the difference between the two cells printed above it.",published table 2.3,"The table prints 3.4 for the pro-capital punishment study and 0.1 for the anti-capital punishment study, and gives their difference as [[3.0]].",The difference is [[3.3]].,The changed artifact is that single cell; every other cell in both halves of the table reproduces.
5,quantity,pipeline,full,Page 101 gives a standard error that disagrees with the book's own appendix table A.5.,published p. 101,"As shown in the left facet, the average effect of the two-sided message on support for capital punishment is very close to zero for both proponents (0.28 scale points, SE: 0.18) and opponents (0.10, SE: [[0.11]]).","As shown in the left facet, the average effect of the two-sided message on support for capital punishment is very close to zero for both proponents (0.28 scale points, SE: 0.18) and opponents (0.10, SE: [[0.12]]).","Table A.5 reports 0.12 for this same standard error, and the reanalysis reproduces the appendix. The other seven quantities in the passage are correct as printed."
