member,bytes,md5
replication_archive/.DS_Store,10244,4108bb856297035e44bdc0d6e2f61720
replication_archive/.Rproj.user/673295AB/pcs/debug-breakpoints.pper,66,dffe33cc8725983ad58108f74ed1093d
replication_archive/.Rproj.user/673295AB/pcs/files-pane.pper,181,da8bd8cbedf46395f30fd15efa542f54
replication_archive/.Rproj.user/673295AB/pcs/source-pane.pper,22,9b000247162eee275e73028c01845db8
replication_archive/.Rproj.user/673295AB/pcs/windowlayoutstate.pper,285,42abc7d8765620c3d915d3638cdab397
replication_archive/.Rproj.user/673295AB/pcs/workbench-pane.pper,57,d8bb5c727d4c45b9a2d82fb9ca261ffe
replication_archive/.Rproj.user/673295AB/persistent-state,587,6f822f8fc4d40956c821df7946bc9ca1
replication_archive/.Rproj.user/673295AB/quarto-crossref/44A073C2,28,437dc6d25ae50999a356e4221ce1d9ad
replication_archive/.Rproj.user/673295AB/quarto-crossref/INDEX,79,3de81e450afdbe99c10f64a6c03f83fe
replication_archive/.Rproj.user/673295AB/rmd-outputs,57,190db026e4614aae64e5948de600ea92
replication_archive/.Rproj.user/673295AB/saved_source_markers,27,03848550b5519652cec02c7edb2ca8a4
replication_archive/.Rproj.user/673295AB/sources/prop/01DE1874,108,66d47abca3060bd02c40117a9c07eefc
replication_archive/.Rproj.user/673295AB/sources/prop/083325FD,109,ffe814d6dc3410ab0e20c1f0f3d0a2b7
replication_archive/.Rproj.user/673295AB/sources/prop/098C8CA5,110,1f160555ea625d72f829054f98880e06
replication_archive/.Rproj.user/673295AB/sources/prop/0A6BCB30,110,0e7eed80f7452c77233ebb86b190cbfa
replication_archive/.Rproj.user/673295AB/sources/prop/0BE70221,110,43e02f764894e875291440bd5bd3018d
replication_archive/.Rproj.user/673295AB/sources/prop/1233C6B4,108,8aedf253c72c04c8d878f8c3ccbcc5fd
replication_archive/.Rproj.user/673295AB/sources/prop/15F4BF87,54,9fbaffda861759cbf1826d46205afdbf
replication_archive/.Rproj.user/673295AB/sources/prop/1C7D112A,110,6b19d09faa01b9e63378c5bace8a917e
replication_archive/.Rproj.user/673295AB/sources/prop/2AE72CC1,106,e4ef14201ff3127a127a4e78aa0674bf
replication_archive/.Rproj.user/673295AB/sources/prop/2F1D89AC,110,e70f5d6855314ab801e093e09c31aa45
replication_archive/.Rproj.user/673295AB/sources/prop/34B041AC,109,2798e76af372d7d8379fec818d0126b1
replication_archive/.Rproj.user/673295AB/sources/prop/356742DD,109,226a75cc94bfe78e6a7b6db5713866c0
replication_archive/.Rproj.user/673295AB/sources/prop/3651669F,110,1f124b5aaed5e57e0d3004a2311af840
replication_archive/.Rproj.user/673295AB/sources/prop/3766F297,110,ea9c222c532faf9e648023a59a9dd861
replication_archive/.Rproj.user/673295AB/sources/prop/3B231D8F,110,b5f6eee1975b3ed475bed2c7dcbb710a
replication_archive/.Rproj.user/673295AB/sources/prop/3DDB2919,108,b39ae48bfc1ee7dfb6d0e4752eb66cb3
replication_archive/.Rproj.user/673295AB/sources/prop/3E309817,110,8ee1bed573fb26d545486ef80283554a
replication_archive/.Rproj.user/673295AB/sources/prop/3F352371,109,2798e76af372d7d8379fec818d0126b1
replication_archive/.Rproj.user/673295AB/sources/prop/40265BDD,109,a0c1fc30e2d17a4af4eb7a3e594b86e2
replication_archive/.Rproj.user/673295AB/sources/prop/427E4412,109,65f59940eedb79737d30615bb4d1d53c
replication_archive/.Rproj.user/673295AB/sources/prop/4595B85C,110,e663cd480b5e3fd05229932a660247be
replication_archive/.Rproj.user/673295AB/sources/prop/517CAC73,108,878994b260d942ceb6e200c0f6f98f2f
replication_archive/.Rproj.user/673295AB/sources/prop/5361152A,110,1f124b5aaed5e57e0d3004a2311af840
replication_archive/.Rproj.user/673295AB/sources/prop/5733A7F2,110,f4cb3b621822a8aacc5dcc06c5c0cc17
replication_archive/.Rproj.user/673295AB/sources/prop/5B836751,108,a1e4a6cdb12dab399922af50a0ef51d7
replication_archive/.Rproj.user/673295AB/sources/prop/620D28B3,108,05fbda6b5decd873350977724f522238
replication_archive/.Rproj.user/673295AB/sources/prop/636A19DA,110,200a21138d7d0998af391416545c043b
replication_archive/.Rproj.user/673295AB/sources/prop/6FD03779,110,35e49bc8eacc96d4c7373732d5810925
replication_archive/.Rproj.user/673295AB/sources/prop/70E817EA,109,a441d349a6864bab1daa8a7eb6a854dc
replication_archive/.Rproj.user/673295AB/sources/prop/73047154,110,66a101619907035ab52d8230a7e6fd22
replication_archive/.Rproj.user/673295AB/sources/prop/74A3090C,110,29334e5d3a94b812e8db51b2fca54a0e
replication_archive/.Rproj.user/673295AB/sources/prop/75EA4C41,110,af8064b8d109488e0875de6d4c7a5d34
replication_archive/.Rproj.user/673295AB/sources/prop/788C3575,108,2fa523236e5d8e1b52748ecc3f3f06f7
replication_archive/.Rproj.user/673295AB/sources/prop/7B14C299,110,ada0ca769b4ba6b4c821dc4cc98ff5bd
replication_archive/.Rproj.user/673295AB/sources/prop/7B797C91,109,c841d5d5fa012b90f9ab6a3d5885337b
replication_archive/.Rproj.user/673295AB/sources/prop/7CD9CBD5,110,65ab59a2bd217b45cc2bd322651f3467
replication_archive/.Rproj.user/673295AB/sources/prop/95D58647,108,4af7f8551e27fb87653fc814cdec4488
replication_archive/.Rproj.user/673295AB/sources/prop/98DF19CD,106,3b6b5f451439eb09ac39dc1fbe6411fe
replication_archive/.Rproj.user/673295AB/sources/prop/99276060,109,cda6afd776d9c5644ec8b1d1d77785c1
replication_archive/.Rproj.user/673295AB/sources/prop/A938457D,108,0998095eeba248d709a61103699b02d5
replication_archive/.Rproj.user/673295AB/sources/prop/B1718D88,109,f1d2cb40ac6ef48b3725563502d94b5a
replication_archive/.Rproj.user/673295AB/sources/prop/B91D9074,110,2025d2fa09349d7655d468f850753e9b
replication_archive/.Rproj.user/673295AB/sources/prop/BCCDF876,110,9f04384206344a2bc1911048f20f4a75
replication_archive/.Rproj.user/673295AB/sources/prop/CF0E53A2,111,b8fc236a7fe3f7ccf19d82f44e29c37b
replication_archive/.Rproj.user/673295AB/sources/prop/D0DDBAF6,107,9ee639b735d72d4a8c480e6cf41c4347
replication_archive/.Rproj.user/673295AB/sources/prop/D54E246F,308,9ab91e92fba4f29edcdfcff54afdf072
replication_archive/.Rproj.user/673295AB/sources/prop/DB36CEA5,106,adb51a11af4031a25c05ce87ce214f1f
replication_archive/.Rproj.user/673295AB/sources/prop/E9B9747B,136,4ea4c9b087c472b4a723778045626cb4
replication_archive/.Rproj.user/673295AB/sources/prop/F54EDB4E,110,7d896c4b5dcedff2817c2954df23b4c7
replication_archive/.Rproj.user/673295AB/sources/prop/F694573C,137,12b34dc98adc23b776b0e0561dff651a
replication_archive/.Rproj.user/673295AB/sources/prop/INDEX,4633,009509f38c19a490589474ef2e93bd18
replication_archive/.Rproj.user/673295AB/sources/session-d61245cd/01091A97-contents,0,d41d8cd98f00b204e9800998ecf8427e
replication_archive/.Rproj.user/673295AB/sources/session-d61245cd/02E57DE3-contents,13921,522fc879f36ab028bbd9db66a79275ad
replication_archive/.Rproj.user/673295AB/sources/session-d61245cd/0A4CA207-contents,0,d41d8cd98f00b204e9800998ecf8427e
replication_archive/.Rproj.user/673295AB/sources/session-d61245cd/0C9857F5-contents,0,d41d8cd98f00b204e9800998ecf8427e
replication_archive/.Rproj.user/673295AB/sources/session-d61245cd/175447D1-contents,3241,c8d8c75525fe845f90499c7aba130267
replication_archive/.Rproj.user/673295AB/sources/session-d61245cd/19CC951F-contents,0,d41d8cd98f00b204e9800998ecf8427e
replication_archive/.Rproj.user/673295AB/sources/session-d61245cd/1A069CC0-contents,0,d41d8cd98f00b204e9800998ecf8427e
replication_archive/.Rproj.user/673295AB/sources/session-d61245cd/1B655388-contents,4739,9ce41c143323707289a749d00ecb4aa6
replication_archive/.Rproj.user/673295AB/sources/session-d61245cd/1E344F57-contents,7156,24cc3609b178c064b25fa5192b3548a5
replication_archive/.Rproj.user/673295AB/sources/session-d61245cd/2312E41D-contents,0,d41d8cd98f00b204e9800998ecf8427e
replication_archive/.Rproj.user/673295AB/sources/session-d61245cd/245602F4-contents,3642,e3d9e341b8ecf2bd71947950681ce9ab
replication_archive/.Rproj.user/673295AB/sources/session-d61245cd/2547A83C-contents,4141,16139215665bf13454d0d25602197fa6
replication_archive/.Rproj.user/673295AB/sources/session-d61245cd/25599685-contents,4694,b1002823f53f244a53fac775ac809f84
replication_archive/.Rproj.user/673295AB/sources/session-d61245cd/25914A03-contents,3331,04e93d735362dc89e2207af91406a581
replication_archive/.Rproj.user/673295AB/sources/session-d61245cd/26676599-contents,3751,f9bccdc7bd832543a445ce26ee5d2606
replication_archive/.Rproj.user/673295AB/sources/session-d61245cd/321AD1C4-contents,0,d41d8cd98f00b204e9800998ecf8427e
replication_archive/.Rproj.user/673295AB/sources/session-d61245cd/343B49D7-contents,0,d41d8cd98f00b204e9800998ecf8427e
replication_archive/.Rproj.user/673295AB/sources/session-d61245cd/3A3F1095-contents,199,b69d5e4fb006ffd0f9838f11531c84a7
replication_archive/.Rproj.user/673295AB/sources/session-d61245cd/3BA05891-contents,0,d41d8cd98f00b204e9800998ecf8427e
replication_archive/.Rproj.user/673295AB/sources/session-d61245cd/3DD0953F-contents,0,d41d8cd98f00b204e9800998ecf8427e
replication_archive/.Rproj.user/673295AB/sources/session-d61245cd/4106A1C6-contents,4706,f0f201153dc162c431f3bdebc63a91b4
replication_archive/.Rproj.user/673295AB/sources/session-d61245cd/412DB31A-contents,0,d41d8cd98f00b204e9800998ecf8427e
replication_archive/.Rproj.user/673295AB/sources/session-d61245cd/428A1F35-contents,0,d41d8cd98f00b204e9800998ecf8427e
replication_archive/.Rproj.user/673295AB/sources/session-d61245cd/42EFCAD2-contents,3422,c4ebb9217efcfd15b30a4b8d23da77f2
replication_archive/.Rproj.user/673295AB/sources/session-d61245cd/46541D10-contents,1187,883105f43c2c8f60513adfdc89a69e6b
replication_archive/.Rproj.user/673295AB/sources/session-d61245cd/466C8C6B-contents,3337,8bdb860c37daf453bc30435c3aeaecf4
replication_archive/.Rproj.user/673295AB/sources/session-d61245cd/49D9F99F-contents,0,d41d8cd98f00b204e9800998ecf8427e
replication_archive/.Rproj.user/673295AB/sources/session-d61245cd/4CE169A2-contents,13957,012588e8ff358526e1247bbc4d0b1b8a
replication_archive/.Rproj.user/673295AB/sources/session-d61245cd/4DF24752-contents,0,d41d8cd98f00b204e9800998ecf8427e
replication_archive/.Rproj.user/673295AB/sources/session-d61245cd/59B4B29A-contents,0,d41d8cd98f00b204e9800998ecf8427e
replication_archive/.Rproj.user/673295AB/sources/session-d61245cd/5C55F587-contents,3364,640f74d72e23a782c69596e626faf15e
replication_archive/.Rproj.user/673295AB/sources/session-d61245cd/5F8BE917-contents,0,d41d8cd98f00b204e9800998ecf8427e
replication_archive/.Rproj.user/673295AB/sources/session-d61245cd/61DB83C7-contents,5037,1802cc7d78b4528a27a2acda358700cf
replication_archive/.Rproj.user/673295AB/sources/session-d61245cd/66E38B42-contents,0,d41d8cd98f00b204e9800998ecf8427e
replication_archive/.Rproj.user/673295AB/sources/session-d61245cd/6C633497-contents,0,d41d8cd98f00b204e9800998ecf8427e
replication_archive/.Rproj.user/673295AB/sources/session-d61245cd/71263EC7-contents,3409,04e1aaa3eef84b167152a60fd6bc7684
replication_archive/.Rproj.user/673295AB/sources/session-d61245cd/73B11EEC-contents,0,d41d8cd98f00b204e9800998ecf8427e
replication_archive/.Rproj.user/673295AB/sources/session-d61245cd/742EEF79-contents,0,d41d8cd98f00b204e9800998ecf8427e
replication_archive/.Rproj.user/673295AB/sources/session-d61245cd/764E8712-contents,3336,aca23386e2dc2a62a40c126e24a82797
replication_archive/.Rproj.user/673295AB/sources/session-d61245cd/7798FF59-contents,0,d41d8cd98f00b204e9800998ecf8427e
replication_archive/.Rproj.user/673295AB/sources/session-d61245cd/77FBB031-contents,0,d41d8cd98f00b204e9800998ecf8427e
replication_archive/.Rproj.user/673295AB/sources/session-d61245cd/7A8DEC5F-contents,13794,0789a9e1872d20bb37858971230714fd
replication_archive/.Rproj.user/673295AB/sources/session-d61245cd/7F459685-contents,13921,74d744dbe09002633ab8bb5d4455f607
replication_archive/.Rproj.user/673295AB/sources/session-d61245cd/84FF47B9-contents,3242,ec754ced9b66d95bb6ca8343234db4b6
replication_archive/.Rproj.user/673295AB/sources/session-d61245cd/854F4D8E-contents,0,d41d8cd98f00b204e9800998ecf8427e
replication_archive/.Rproj.user/673295AB/sources/session-d61245cd/88B48B98-contents,0,d41d8cd98f00b204e9800998ecf8427e
replication_archive/.Rproj.user/673295AB/sources/session-d61245cd/8E43CD78-contents,0,d41d8cd98f00b204e9800998ecf8427e
replication_archive/.Rproj.user/673295AB/sources/session-d61245cd/952318FE-contents,3180,a43049a43fda0bc90e70ae77e867bc3f
replication_archive/.Rproj.user/673295AB/sources/session-d61245cd/9C4C977C-contents,0,d41d8cd98f00b204e9800998ecf8427e
replication_archive/.Rproj.user/673295AB/sources/session-d61245cd/9EC7BF57-contents,0,d41d8cd98f00b204e9800998ecf8427e
replication_archive/.Rproj.user/673295AB/sources/session-d61245cd/A199393F-contents,3269,aac6a7caf454fd82f4e0ea630142fd3f
replication_archive/.Rproj.user/673295AB/sources/session-d61245cd/A23E693C-contents,0,d41d8cd98f00b204e9800998ecf8427e
replication_archive/.Rproj.user/673295AB/sources/session-d61245cd/A34D46F7-contents,1079,fefcb934f02357e06a5f929f2efb02b6
replication_archive/.Rproj.user/673295AB/sources/session-d61245cd/A5115A4B-contents,0,d41d8cd98f00b204e9800998ecf8427e
replication_archive/.Rproj.user/673295AB/sources/session-d61245cd/A8F8042F-contents,3838,216dec3718af1a52a666fa90d7564fa9
replication_archive/.Rproj.user/673295AB/sources/session-d61245cd/AA9F2DEC-contents,4711,376c4736f37858542389cc99af2b2294
replication_archive/.Rproj.user/673295AB/sources/session-d61245cd/ADDF0CAE-contents,13919,ec54d4d16af8dbe3374b34e97e84c8b4
replication_archive/.Rproj.user/673295AB/sources/session-d61245cd/AF07CC31-contents,4717,05db7a71e27e27a6ee46f670f59bf068
replication_archive/.Rproj.user/673295AB/sources/session-d61245cd/AF2C89B7-contents,3177,71da9c3e119625d8dddd66bf66fc8011
replication_archive/.Rproj.user/673295AB/sources/session-d61245cd/AF2D4428-contents,1971,c9f8224ac407d06d8cfdee4d79f1cbf6
replication_archive/.Rproj.user/673295AB/sources/session-d61245cd/AFAD4D72-contents,13919,ec54d4d16af8dbe3374b34e97e84c8b4
replication_archive/.Rproj.user/673295AB/sources/session-d61245cd/B1E07612-contents,0,d41d8cd98f00b204e9800998ecf8427e
replication_archive/.Rproj.user/673295AB/sources/session-d61245cd/B3C447EF-contents,13919,ec54d4d16af8dbe3374b34e97e84c8b4
replication_archive/.Rproj.user/673295AB/sources/session-d61245cd/BF94DD87-contents,0,d41d8cd98f00b204e9800998ecf8427e
replication_archive/.Rproj.user/673295AB/sources/session-d61245cd/BFDFDD41-contents,3241,c8d8c75525fe845f90499c7aba130267
replication_archive/.Rproj.user/673295AB/sources/session-d61245cd/BFF87492-contents,4337,243fc9baec04f25fb54c61933b029c9d
replication_archive/.Rproj.user/673295AB/sources/session-d61245cd/C1445B84-contents,5026,dcc98f03c8c4a13f78d730c9b4d6d597
replication_archive/.Rproj.user/673295AB/sources/session-d61245cd/C45C2ED9-contents,3841,c33b580f0bd46043ff2c3ceba0a5d9a3
replication_archive/.Rproj.user/673295AB/sources/session-d61245cd/C80A9513-contents,3855,eb6702e93dad1e03357fddaeb2b07ab5
replication_archive/.Rproj.user/673295AB/sources/session-d61245cd/CA29071F-contents,4587,1aa0b73adff96359a6931e70b19dace2
replication_archive/.Rproj.user/673295AB/sources/session-d61245cd/D2C7FCF9-contents,2503,f972f2f0b4e6b70f3c684661de6b3813
replication_archive/.Rproj.user/673295AB/sources/session-d61245cd/D6F5F8D2-contents,3336,aca23386e2dc2a62a40c126e24a82797
replication_archive/.Rproj.user/673295AB/sources/session-d61245cd/E1140EDA,630,24a98a791456d5d918a4e112df1660f6
replication_archive/.Rproj.user/673295AB/sources/session-d61245cd/E1140EDA-contents,840,b613513ab2a598a880f51e2380096aff
replication_archive/.Rproj.user/673295AB/sources/session-d61245cd/E5FDD79E-contents,0,d41d8cd98f00b204e9800998ecf8427e
replication_archive/.Rproj.user/673295AB/sources/session-d61245cd/EB30BB12-contents,4714,b2b35ba39c18600f53758e4e2edf98ee
replication_archive/.Rproj.user/673295AB/sources/session-d61245cd/EBA90EC7-contents,0,d41d8cd98f00b204e9800998ecf8427e
replication_archive/.Rproj.user/673295AB/sources/session-d61245cd/EF41BF07-contents,0,d41d8cd98f00b204e9800998ecf8427e
replication_archive/.Rproj.user/673295AB/sources/session-d61245cd/F093E3BA-contents,13794,0789a9e1872d20bb37858971230714fd
replication_archive/.Rproj.user/673295AB/sources/session-d61245cd/F39F43B3-contents,0,d41d8cd98f00b204e9800998ecf8427e
replication_archive/.Rproj.user/673295AB/sources/session-d61245cd/F8157416-contents,4313,8cc4d6c515ba55c81aa860108ee8c10e
replication_archive/.Rproj.user/673295AB/sources/session-d61245cd/lock_file,0,d41d8cd98f00b204e9800998ecf8427e
replication_archive/.Rproj.user/shared/notebooks/2DE7DCB6-sate_a_sate_b/1/s/c57rqns28fc1x/000026.metadata,76,d9a46837dd99f7f7b5953b48dc03ba12
replication_archive/.Rproj.user/shared/notebooks/2DE7DCB6-sate_a_sate_b/1/s/c57rqns28fc1x/000026.png,102098,05b2eb44e60c08314659194db342dead
replication_archive/.Rproj.user/shared/notebooks/2DE7DCB6-sate_a_sate_b/1/s/c57rqns28fc1x/000026.snapshot,199928,9029baa065e6fb2252318fe7f4bd9209
replication_archive/.Rproj.user/shared/notebooks/2DE7DCB6-sate_a_sate_b/1/s/chunks.json,682,e764160dc760850344be10ab6dc54431
replication_archive/.Rproj.user/shared/notebooks/2DE7DCB6-sate_a_sate_b/1/s/cn11c1xscdhfz/00000f.metadata,88,8c260a41753c782dca332b4a6f88662e
replication_archive/.Rproj.user/shared/notebooks/2DE7DCB6-sate_a_sate_b/1/s/cn11c1xscdhfz/00000f.rdf,426,f47034d0dd7d5b54d28cacfa19877b1b
replication_archive/.Rproj.user/shared/notebooks/2DE7DCB6-sate_a_sate_b/1/s/cpzyqx1ukgeha/00000f.metadata,93,a0004adccde9d30ac9aa27a0ba54d7e6
replication_archive/.Rproj.user/shared/notebooks/2DE7DCB6-sate_a_sate_b/1/s/cpzyqx1ukgeha/00000f.rdf,317,45850846ee0ca6471ddf8b7325b8625f
replication_archive/.Rproj.user/shared/notebooks/69D65560-coppock_2023/1/s/chunks.json,52,a4f7ee899e64a743e8e88e20ca54bb07
replication_archive/.Rproj.user/shared/notebooks/patch-chunk-names,0,d41d8cd98f00b204e9800998ecf8427e
replication_archive/.Rproj.user/shared/notebooks/paths,3612,83ae77dd93008d0ac40d1e4c43545869
replication_archive/code/figure_1.2_and_1.3.R,5340,d8e5513d731265736d484d214fb7066f
replication_archive/code/figure_1.4.R,2373,a731ff47da97a7d2cb38bf72ecbe6f63
replication_archive/code/figure_1.5.R,3454,c70cfa08a80bd2c3ec7b81656c15b489
replication_archive/code/figure_2.2.R,4313,8cc4d6c515ba55c81aa860108ee8c10e
replication_archive/code/figure_2.3.R,3242,ec754ced9b66d95bb6ca8343234db4b6
replication_archive/code/figure_3.1.R,4711,376c4736f37858542389cc99af2b2294
replication_archive/code/figure_3.2.R,3409,04e1aaa3eef84b167152a60fd6bc7684
replication_archive/code/figure_3.3.R,2493,abb26fbf7ca395fe561b5d4957de644c
replication_archive/code/figure_5.1.R,4587,1aa0b73adff96359a6931e70b19dace2
replication_archive/code/figure_5.10.R,4689,5ee8e8c633064952c7b506ba4251d947
replication_archive/code/figure_5.11.R,4918,dda125d9901caa70f7cacaec2204d2fd
replication_archive/code/figure_5.12.R,4141,16139215665bf13454d0d25602197fa6
replication_archive/code/figure_5.13.R,3852,e2453045530491542a3136a63364ed4d
replication_archive/code/figure_5.15.R,4206,d8dcd98123f3c18749469765f120225c
replication_archive/code/figure_5.16.R,13794,0789a9e1872d20bb37858971230714fd
replication_archive/code/figure_5.17.R,3337,8bdb860c37daf453bc30435c3aeaecf4
replication_archive/code/figure_5.18.R,2760,24d793113172bd295cd0b885aa0ce982
replication_archive/code/figure_5.19.R,2560,cf99007454fad4579ac64b6cfe310438
replication_archive/code/figure_5.2.R,3751,f9bccdc7bd832543a445ce26ee5d2606
replication_archive/code/figure_5.3.R,5444,e0f7f5e9a3ba41afbaf41998e22dfef4
replication_archive/code/figure_5.4.R,3642,e3d9e341b8ecf2bd71947950681ce9ab
replication_archive/code/figure_5.5.R,3331,04e93d735362dc89e2207af91406a581
replication_archive/code/figure_5.6.R,2381,45ed5c9be3954c556da1d9a05c35460f
replication_archive/code/figure_5.7.R,2361,24d7c42c3fba2e53c75d4434a68a8983
replication_archive/code/figure_5.8.R,3260,4e7a27e50235acc1c21fb613f7d59525
replication_archive/code/figure_5.9.R,4154,34fe27a4b13fa6a111fbeb4ccb46944d
replication_archive/code/figure_6.1_and_6.2_tables_6.2_and_6.4.R,13921,522fc879f36ab028bbd9db66a79275ad
replication_archive/code/figure_6.3_table_6.3.R,5026,dcc98f03c8c4a13f78d730c9b4d6d597
replication_archive/code/helpers.R,719,f89afa6e0d761170748b635db8f67c70
replication_archive/code/tidiers.R,841,6f2c5df6f5b170ea263c8a6bef6f4471
replication_archive/data/.DS_Store,6148,e91e1332eb1df0b1f8f562b71ffddaae
replication_archive/data/CA_clean.rds,201772,6416b34528796db31c029058f92dcc61
replication_archive/data/death_penalty_stacked.rds,588719,9818b1f110b3b09864fe2a2b4ab52657
replication_archive/data/elite_endorsements_stacked.rds,1213720,6b4b40f0bd3c7fd255b5d62004343467
replication_archive/data/elite_opeds_cleaned.rds,2477251,09f49a2a7cf67024fb44f0678f269b32
replication_archive/data/expert_economists_stacked_long.rds,5917071,bd68930dc79836682fa36796220cac44
replication_archive/data/flavin_clean.rds,240993,6d155f4022ae62beff1180d9509bd9e0
replication_archive/data/frame_breath_topic.rds,16479587,5344bc8f6d40ab847930020cb45710fe
replication_archive/data/free_trade_stacked.rds,2916590,fee1b0d5b8d59b2c55032b538112f2fd
replication_archive/data/gash_murakami_clean.rds,129403,90fdbb4cb89865c5839c75bd43d0fa91
replication_archive/data/GC_study_1_clean.rds,150566,fc61adb1620b873c9569cfb99eb341b1
replication_archive/data/GC_study_2_clean.rds,148696,3d3a5a9e82e0834d4794e462718de77d
replication_archive/data/GC_study_3_clean.rds,104948,4bf5562affbcf93fdfa65743dcbce26d
replication_archive/data/gss_abortion.rds,5189359,4775cc835042fa2bfb6c9e08e4914aaa
replication_archive/data/immigration_stacked.rds,660162,bf561dfe86458e35baed60ff14e01568
replication_archive/data/kreps_wallace_clean.rds,375423,da3284545a0178005dc571fda8b578c0
replication_archive/data/mturk_opeds_cleaned.rds,7310057,2fd2d7f4cec4c9866a0827259f6cc47d
replication_archive/data/mutz_clean.rds,128764,4321a575121469eb5ac1bc291535552b
replication_archive/data/opeds_long.rds,21921806,140e771a0a7ac989b4f91bfbd627c18b
replication_archive/data/patriot_act_stacked.rds,750003,7eac29b32f52a592d92f6258236b2e7b
replication_archive/data/pew_gay_marriage.rds,18052,713c1dfed96a5584fac02b7398778b0a
replication_archive/data/trump_white_clean.rds,175789,752101a80f4c1d00c7daed5d9816d9dc
replication_archive/README.txt,1664,39c6cefbd0f766068df36e02934f1f82
