paper_id,claim_id,table_figure,claim,value_script,value_paper,match,value_rewrite,match_rewrite,holds,defect_locus,notes
coppock_2022,c1_flat_tax_mt_rep_est,figure_1.2,Flat tax op-ed effect for Republicans on Mechanical Turk,NA,1.13,NA,1.12855172413793,1,NA,NA,"Rewrite gives 1.13, matching the published 1.13."
coppock_2022,c1_flat_tax_mt_rep_se,figure_1.2,Robust standard error for the flat tax op-ed effect for Republicans on Mechanical Turk,NA,0.20,NA,0.200835601753575,1,NA,NA,"Rewrite gives 0.20, matching the published 0.20."
coppock_2022,c1_flat_tax_mt_dem_est,figure_1.2,Flat tax op-ed effect for Democrats on Mechanical Turk,NA,0.54,NA,0.544170589864303,1,NA,NA,"Rewrite gives 0.54, matching the published 0.54."
coppock_2022,c1_flat_tax_mt_dem_se,figure_1.2,Robust standard error for the flat tax op-ed effect for Democrats on Mechanical Turk,NA,0.15,NA,0.15093007467631,1,NA,NA,"Rewrite gives 0.15, matching the published 0.15."
coppock_2022,c1_flat_tax_pp_rep_est,figure_1.2,Flat tax op-ed effect for Republicans among policy professionals,NA,0.52,NA,0.516483516483516,1,NA,NA,"Rewrite gives 0.52, matching the published 0.52."
coppock_2022,c1_flat_tax_pp_rep_se,figure_1.2,Robust standard error for the flat tax op-ed effect for Republicans among policy professionals,NA,0.25,NA,0.244533960011806,0,NA,unresolved,"Rewrite gives 0.24 against a published 0.25. The HC2 standard error is 0.24453, which sits 0.0005 below the 0.245 boundary and so prints 0.24. The HC3 standard error is 0.24589 and prints 0.25, and HC3 reproduces all eight of the chapter's standard errors where HC2 reproduces seven. The deposit contains no code for any of these eight quantities, so the variance estimator behind the published figure cannot be established from it, and the rewrite keeps the house default rather than choosing the one that matches."
coppock_2022,c1_flat_tax_pp_dem_est,figure_1.2,Flat tax op-ed effect for Democrats among policy professionals,NA,0.29,NA,0.29185037690229,1,NA,NA,"Rewrite gives 0.29, matching the published 0.29."
coppock_2022,c1_flat_tax_pp_dem_se,figure_1.2,Robust standard error for the flat tax op-ed effect for Democrats among policy professionals,NA,0.20,NA,0.201464024743961,1,NA,NA,"Rewrite gives 0.20, matching the published 0.20."
coppock_2022,c1_flat_tax_w2_mt_rep_est,figure_1.3,Ten-day flat tax op-ed effect for Republicans on Mechanical Turk,NA,0.908,NA,0.908413793103449,1,NA,NA,"Rewrite gives 0.908, matching the published 0.908."
coppock_2022,c1_flat_tax_w2_mt_rep_se,figure_1.3,Robust standard error for the ten-day effect for Republicans on Mechanical Turk,NA,0.22,NA,0.220406411441091,1,NA,NA,"Rewrite gives 0.22, matching the published 0.22."
coppock_2022,c1_flat_tax_w2_mt_dem_est,figure_1.3,Ten-day flat tax op-ed effect for Democrats on Mechanical Turk,NA,0.32,NA,0.315840487399612,1,NA,NA,"Rewrite gives 0.32, matching the published 0.32."
coppock_2022,c1_flat_tax_w2_mt_dem_se,figure_1.3,Robust standard error for the ten-day effect for Democrats on Mechanical Turk,NA,0.15,NA,0.149609890276441,1,NA,NA,"Rewrite gives 0.15, matching the published 0.15."
coppock_2022,c1_flat_tax_w2_pp_rep_est,figure_1.3,Ten-day flat tax op-ed effect for Republicans among policy professionals,NA,0.18,NA,0.175824175824176,1,NA,NA,"Rewrite gives 0.18, matching the published 0.18."
coppock_2022,c1_flat_tax_w2_pp_rep_se,figure_1.3,Robust standard error for the ten-day effect for Republicans among policy professionals,NA,0.25,NA,0.247603874949679,1,NA,NA,"Rewrite gives 0.25, matching the published 0.25."
coppock_2022,c1_flat_tax_w2_pp_dem_est,figure_1.3,Ten-day flat tax op-ed effect for Democrats among policy professionals,NA,0.13,NA,0.129355710425259,1,NA,NA,"Rewrite gives 0.13, matching the published 0.13."
coppock_2022,c1_flat_tax_w2_pp_dem_se,figure_1.3,Robust standard error for the ten-day effect for Democrats among policy professionals,NA,0.20,NA,0.197177470687605,1,NA,NA,"Rewrite gives 0.20, matching the published 0.20."
coppock_2022,c1_n_mturk,figure_1.2,Number of MTurk respondents in the flat tax panel,NA,860,NA,860,1,NA,NA,"Rewrite gives 860, matching the published 860."
coppock_2022,c1_n_policy_professionals,figure_1.2,Number of policy professionals in the flat tax panel,NA,518,NA,518,1,NA,NA,"Rewrite gives 518, matching the published 518."
coppock_2022,c1_persistence_rep,figure_1.3,Share of the immediate flat tax effect still present after ten days for Republicans on MTurk,NA,80,NA,80.4937668051821,1,NA,NA,"Rewrite gives 80, matching the published 80."
coppock_2022,c1_persistence_dem,figure_1.3,Share of the immediate flat tax effect still present after ten days for Democrats on MTurk,NA,58,NA,58.0407124681934,1,NA,NA,"Rewrite gives 58, matching the published 58."
coppock_2022,c1_baseline_gap_mt,figure_1.2,Control group partisan gap on MTurk exceeds one point on the 1 to 7 scale,NA,1,NA,1,NA,1,NA,Holds; the published value is 1. The measured control group gap on Mechanical Turk is 1.22 points.
coppock_2022,c1_baseline_gap_pp,figure_1.2,Control group partisan gap among policy professionals is closer to 2.5 points,NA,2.5,NA,2.56031608840598,NA,NA,NA,"No verdict; the published value is 2.5. An approximate claim: recorded, not scored."
coppock_2022,c1_gm_slope_overall,figure_1.4,Average slope of support for gay marriage per year,NA,1.7,NA,1.70067764498452,1,NA,NA,"Rewrite gives 1.7, matching the published 1.7."
coppock_2022,c1_gm_slope_democrat,figure_1.4,Slope of support for gay marriage per year among Democrats,NA,2.1,NA,2.02262443438914,0,NA,unresolved,"Rewrite gives 2.0 against a published 2.1. The Democratic slope is 2.02 points per year, which prints 2.0. The two other slopes the sentence calls 2.1 (White mainline Protestants, 2.09) and both it calls 1.2 reproduce exactly."
coppock_2022,c1_gm_slope_white_mainline,figure_1.4,Slope of support for gay marriage per year among White mainline Protestants,NA,2.1,NA,2.09049773755656,1,NA,NA,"Rewrite gives 2.1, matching the published 2.1."
coppock_2022,c1_gm_slope_republican,figure_1.4,Slope of support for gay marriage per year among Republicans,NA,1.2,NA,1.21266968325792,1,NA,NA,"Rewrite gives 1.2, matching the published 1.2."
coppock_2022,c1_gm_slope_white_evangelical,figure_1.4,Slope of support for gay marriage per year among White evangelical Protestants,NA,1.2,NA,1.17873303167421,1,NA,NA,"Rewrite gives 1.2, matching the published 1.2."
coppock_2022,c1_gm_all_groups_rose,figure_1.4,Support for gay marriage rose in every one of the twenty-five subgroups,NA,25,NA,25,NA,1,NA,Holds; the published value is 25. Evaluated as all twenty-five subgroup slopes being positive. Nineteen of the twenty-five are also observed at both 2001 and 2019 and rose over that span; the other six are not polled in one of the two endpoint years.
coppock_2022,c1_gm_dem_points,figure_1.4,Percentage point change in Democratic support for gay marriage,NA,28,NA,28,1,NA,NA,"Rewrite gives 28, matching the published 28."
coppock_2022,c1_gm_rep_points,figure_1.4,Percentage point change in Republican support for gay marriage,NA,16,NA,16,1,NA,NA,"Rewrite gives 16, matching the published 16."
coppock_2022,c1_gm_rep_percent,figure_1.4,Percent increase in Republican support for gay marriage,NA,76,NA,76.1904761904762,1,NA,NA,"Rewrite gives 76, matching the published 76."
coppock_2022,c1_gm_dem_percent,figure_1.4,Percent increase in Democratic support for gay marriage,NA,65,NA,65.1162790697674,1,NA,NA,"Rewrite gives 65, matching the published 65."
coppock_2022,c2_n_replication,figure_2.3,Number of MTurk subjects in the Guess and Coppock replication,NA,682,NA,682,1,NA,NA,"Rewrite gives 682, matching the published 682."
coppock_2022,c2_combined_proponents,table_2.2,Self-assessed attitude change for proponents combined across both studies,NA,2.7,NA,2.68870346598203,1,NA,NA,"Rewrite gives 2.7, matching the published 2.7."
coppock_2022,c2_combined_opponents,table_2.2,Self-assessed attitude change for opponents combined across both studies,NA,-2.7,NA,-2.70228606734631,1,NA,NA,"Rewrite gives -2.7, matching the published -2.7."
coppock_2022,c2_pro_con_significant,figure_2.2,The pro versus con difference is significant at p below 0.05 in all four opportunities,NA,4,NA,4,NA,1,NA,Holds; the published value is 4.
coppock_2022,c3_target_sd,figure_3.1,Average effect of the op-eds on target attitudes in standard units,NA,0.4,NA,0.402564477385001,NA,NA,NA,"No verdict; the published value is 0.4. An approximate claim: recorded, not scored."
coppock_2022,c3_nontarget_sd,figure_3.1,Average effect of the op-eds on non-target attitudes in standard units,NA,0.02,NA,0.0211314727777843,1,NA,NA,"Rewrite gives 0.02, matching the published 0.02."
coppock_2022,c3_ca_poll_n,figure_3.2,Number of subjects in the 1982 California poll party cue experiment,NA,1007,NA,1007,1,NA,NA,"Rewrite gives 1007, matching the published 1007."
coppock_2022,c5_mw_pro_amount_est,figure_5.1,Effect of the two pro minimum wage videos on the preferred minimum wage for proponents,NA,3.24,NA,3.24355555555556,1,NA,NA,"Rewrite gives 3.24, matching the published 3.24."
coppock_2022,c5_mw_pro_amount_se,figure_5.1,Standard error of the pro video effect on the preferred minimum wage for proponents,NA,0.40,NA,0.404494825344401,1,NA,NA,"Rewrite gives 0.40, matching the published 0.40."
coppock_2022,c5_mw_pro_favor_est,figure_5.1,Effect of the two pro minimum wage videos on support for raising it for proponents,NA,0.84,NA,0.842962962962963,1,NA,NA,"Rewrite gives 0.84, matching the published 0.84."
coppock_2022,c5_mw_pro_favor_se,figure_5.1,Standard error of the pro video effect on support for raising the minimum wage for proponents,NA,0.19,NA,0.189240012028437,1,NA,NA,"Rewrite gives 0.19, matching the published 0.19."
coppock_2022,c5_mw_opp_amount_est,figure_5.1,Effect of the two pro minimum wage videos on the preferred minimum wage for opponents,NA,1.04,NA,1.04451219512195,1,NA,NA,"Rewrite gives 1.04, matching the published 1.04."
coppock_2022,c5_mw_opp_amount_se,figure_5.1,Standard error of the pro video effect on the preferred minimum wage for opponents,NA,0.65,NA,0.652236639376717,1,NA,NA,"Rewrite gives 0.65, matching the published 0.65."
coppock_2022,c5_mw_opp_favor_est,figure_5.1,Effect of the two pro minimum wage videos on support for raising it for opponents,NA,0.88,NA,0.876366694701429,1,NA,NA,"Rewrite gives 0.88, matching the published 0.88."
coppock_2022,c5_mw_opp_favor_se,figure_5.1,Standard error of the pro video effect on support for raising the minimum wage for opponents,NA,0.32,NA,0.317539069292276,1,NA,NA,"Rewrite gives 0.32, matching the published 0.32."
coppock_2022,c5_gun_anti_prop_est,figure_5.2,Effect of the anti gun control study on gun control proponents in percentage points,NA,7.4,NA,7.42629518422375,1,NA,NA,"Rewrite gives 7.4, matching the published 7.4."
coppock_2022,c5_gun_anti_prop_se,figure_5.2,Standard error of the anti gun control study effect on proponents in percentage points,NA,2.2,NA,2.15777941128098,1,NA,NA,"Rewrite gives 2.2, matching the published 2.2."
coppock_2022,c5_gun_pro_opp_est,figure_5.2,Effect of the pro gun control study on gun control opponents in percentage points,NA,3.1,NA,3.11735555129812,1,NA,NA,"Rewrite gives 3.1, matching the published 3.1."
coppock_2022,c5_gun_pro_opp_se,figure_5.2,Standard error of the pro gun control study effect on opponents in percentage points,NA,4.1,NA,4.1229688020646,1,NA,NA,"Rewrite gives 4.1, matching the published 4.1."
coppock_2022,c5_cate_corr_partisanship,figure_5.16,Correlation between Democratic and Republican conditional average treatment effects,NA,0.86,NA,0.858172083922651,1,NA,NA,"Rewrite gives 0.86, matching the published 0.86."
coppock_2022,c5_cate_corr_ideology,figure_5.16,Correlation between liberal and conservative conditional average treatment effects,NA,0.80,NA,0.801131947683466,1,NA,NA,"Rewrite gives 0.80, matching the published 0.80."
coppock_2022,c5_cate_corr_race,figure_5.16,Correlation between White and Black conditional average treatment effects,NA,0.62,NA,0.620363328194515,1,NA,NA,"Rewrite gives 0.62, matching the published 0.62."
coppock_2022,c5_cate_corr_gender,figure_5.16,Correlation between female and male conditional average treatment effects,NA,0.92,NA,0.922545555553104,1,NA,NA,"Rewrite gives 0.92, matching the published 0.92."
coppock_2022,c5_cate_corr_age,figure_5.16,Correlation between older and younger conditional average treatment effects,NA,0.62,NA,0.618056203872461,1,NA,NA,"Rewrite gives 0.62, matching the published 0.62."
coppock_2022,c5_cate_corr_education,figure_5.16,Correlation between college and non-college conditional average treatment effects,NA,0.70,NA,0.703635547514071,1,NA,NA,"Rewrite gives 0.70, matching the published 0.70."
coppock_2022,c5_twosided_support_prop_est,figure_5.17,Effect of the two-sided message on support for capital punishment among proponents,NA,0.28,NA,0.2831181252989,1,NA,NA,"Rewrite gives 0.28, matching the published 0.28."
coppock_2022,c5_twosided_support_prop_se,figure_5.17,Standard error of the two-sided effect on support among proponents,NA,0.18,NA,0.176752589362817,1,NA,NA,"Rewrite gives 0.18, matching the published 0.18."
coppock_2022,c5_twosided_support_opp_est,figure_5.17,Effect of the two-sided message on support for capital punishment among opponents,NA,0.10,NA,0.102795879756149,1,NA,NA,"Rewrite gives 0.10, matching the published 0.10."
coppock_2022,c5_twosided_support_opp_se,figure_5.17,Standard error of the two-sided effect on support among opponents,NA,0.11,NA,0.115124186249391,0,NA,paper_internal,Rewrite gives 0.12 against a published 0.11. Appendix table A.5 prints 0.12 for this same standard error and the pipeline reproduces the appendix. The sentence on page 101 contradicts the book's own appendix.
coppock_2022,c5_twosided_deter_opp_est,figure_5.17,Effect of the two-sided message on belief in deterrence among opponents,NA,0.30,NA,0.304603741854109,1,NA,NA,"Rewrite gives 0.30, matching the published 0.30."
coppock_2022,c5_twosided_deter_opp_se,figure_5.17,Standard error of the two-sided effect on belief in deterrence among opponents,NA,0.17,NA,0.173639177760661,1,NA,NA,"Rewrite gives 0.17, matching the published 0.17."
coppock_2022,c5_twosided_deter_prop_est,figure_5.17,Effect of the two-sided message on belief in deterrence among proponents,NA,0.50,NA,0.496413199426112,1,NA,NA,"Rewrite gives 0.50, matching the published 0.50."
coppock_2022,c5_twosided_deter_prop_se,figure_5.17,Standard error of the two-sided effect on belief in deterrence among proponents,NA,0.18,NA,0.183302115951358,1,NA,NA,"Rewrite gives 0.18, matching the published 0.18."
coppock_2022,c6_persistence_overall,table_6.2,Average persistence ratio across all twelve studies in percent,NA,34,NA,35,NA,1,NA,Holds; the published value is 34. Unseeded bootstrap: over 20 seeds this quantity runs from 34.000 to 35.000.
coppock_2022,c6_persistence_stronger,table_6.2,Average persistence ratio in the stronger persistence group in percent,NA,50,NA,50,NA,1,NA,Holds; the published value is 50. Unseeded bootstrap: over 20 seeds this quantity runs from 50.000 to 51.000.
coppock_2022,c6_persistence_weaker,table_6.2,Average persistence ratio in the weaker persistence group in percent,NA,20,NA,21,NA,0,paper_internal,"Does not hold; the published value is 20. Unseeded bootstrap: over 20 seeds this quantity runs from 21.000 to 21.000. The sentence cites table 6.2, which prints 0.21 for this quantity, inside the band. The text and the table it cites disagree, and the errata corrects the sentence to the table's figure."
coppock_2022,c6_hiscox_mturk,table_6.4,Persistence of the Hiscox expert treatment on Mechanical Turk in percent,NA,49,NA,49,NA,1,NA,Holds; the published value is 49. Unseeded bootstrap. The published 49 per cent is what this run gives for the Mechanical Turk expert cue.
coppock_2022,c6_hiscox_lucid,table_6.4,Persistence of the Hiscox expert treatment on Lucid in percent,NA,0,NA,0,NA,0,paper_internal,"Does not hold; the published value is 0. The sentence attributes the zero per cent persistence estimate to Lucid. No Lucid sample appears anywhere in the persistence analysis: table 6.1 lists twelve panel experiments and the Hiscox rows of table 6.4 are Mechanical Turk and GfK. The published table 6.4 gives the zero to GfK, which is what the pipeline reproduces."
coppock_2022,c6_above_sixty,table_6.4,Persistence ratios above 60 percent for the pro minimum wage videos the flat tax op-ed and the pro capital punishment studies,NA,3,NA,3,NA,0,unresolved,"Does not hold; the published value is 3. Unseeded bootstrap. The three treatments the sentence names span 4 rows of table 6.4, because the flat tax op-ed was fielded on two samples and the sentence names no sample. Three clear 60 per cent; the exception is the flat tax op-ed among policy professionals, which the book's own table 6.4 gives as 39 per cent. Left unresolved rather than filed as an error: the sentence does not say which sample it means, and it holds on Mechanical Turk, where all three treatments were run."
coppock_2022,c6_oped_ten_days,table_6.3,Overall op-ed persistence ten days after treatment in percent,NA,46,NA,47,NA,0,paper_internal,"Does not hold; the published value is 46. Unseeded bootstrap: over 20 seeds this quantity runs from 47.000 to 48.000. Table 6.3 prints 0.48 for this same quantity, inside the band, so the sentence and the table it describes disagree on a quantity neither run can pin down. The errata corrects the sentence to the table's figure."
coppock_2022,c6_oped_ten_days_se,table_6.3,Standard error of overall op-ed persistence ten days after treatment in percent,NA,5,NA,5,NA,1,NA,Holds; the published value is 5. Unseeded bootstrap; the standard error rounds to the published 5 per cent.
coppock_2022,c6_oped_thirty_days,table_6.3,Overall op-ed persistence thirty days after treatment in percent,NA,44,NA,45,NA,0,paper_internal,"Does not hold; the published value is 44. Unseeded bootstrap: over 20 seeds this quantity runs from 45.000 to 46.000. Table 6.3 prints 0.46 for this same quantity, inside the band, and the errata corrects the sentence to it."
coppock_2022,c6_oped_thirty_days_se,table_6.3,Standard error of overall op-ed persistence thirty days after treatment in percent,NA,6,NA,6,NA,1,NA,Holds; the published value is 6. Unseeded bootstrap; the standard error rounds to the published 6 per cent.
coppock_2022,c6_oped_rep_ten_days,table_6.3,Op-ed persistence ten days after treatment for Republicans in percent,NA,57,NA,52,NA,0,paper_internal,"Does not hold; the published value is 57. Unseeded bootstrap: over 20 seeds this quantity runs from 51.000 to 53.000. Table 6.3 prints 0.53 for the Republican ten-day estimate, inside the band, and 0.57 for the thirty-day one, which is the figure the sentence gives. The errata corrects the sentence to the ten-day figure."
coppock_2022,c6_oped_dem_ten_days,table_6.3,Op-ed persistence ten days after treatment for Democrats in percent,NA,43,NA,48,NA,0,paper_internal,"Does not hold; the published value is 43. Unseeded bootstrap: over 20 seeds this quantity runs from 47.000 to 50.000. Table 6.3 prints 0.48 for this quantity, inside the band, and no cell of the table is the figure the sentence gives. The errata corrects the sentence to the table's figure."
coppock_2022,c6_oped_groups_not_different,table_6.3,The Republican and Democratic ten-day persistence estimates are not significantly different,NA,1,NA,1,NA,1,NA,Holds; the published value is 1. Unseeded bootstrap; evaluated as a two-sided test on the difference.
coppock_2022,c6_decay_one_third,table_6.2,Treatment effects are approximately one-third their original magnitudes after ten days,NA,0.33,NA,0.35,NA,NA,NA,"No verdict; the published value is 0.33. An approximate claim: recorded, not scored."
coppock_2022,ta2_cells,table_a.2,Cells of appendix table A.2 reproduced,NA,24,NA,24,1,NA,NA,"Rewrite gives 24, matching the published 24."
coppock_2022,ta4_cells,table_a.4,Cells of appendix table A.4 reproduced,NA,48,NA,48,1,NA,NA,"Rewrite gives 48, matching the published 48."
coppock_2022,ta6_cells,table_a.6,Cells of appendix table A.6 reproduced,NA,72,NA,72,1,NA,NA,"Rewrite gives 72, matching the published 72."
coppock_2022,ta7_cells,table_a.7,Cells of appendix table A.7 reproduced,NA,48,NA,48,1,NA,NA,"Rewrite gives 48, matching the published 48."
coppock_2022,ta9_cells,table_a.9,Cells of appendix table A.9 reproduced,NA,120,NA,120,1,NA,NA,"Rewrite gives 120, matching the published 120."
coppock_2022,ta10_cells,table_a.10,Cells of appendix table A.10 reproduced,NA,144,NA,144,1,NA,NA,"Rewrite gives 144, matching the published 144."
coppock_2022,ta12_cells,table_a.12,Cells of appendix table A.12 reproduced,NA,132,NA,132,1,NA,NA,"Rewrite gives 132, matching the published 132."
coppock_2022,ta14_cells,table_a.14,Cells of appendix table A.14 reproduced,NA,44,NA,44,1,NA,NA,"Rewrite gives 44, matching the published 44."
coppock_2022,ta16_cells,table_a.16,Cells of appendix table A.16 reproduced,NA,44,NA,44,1,NA,NA,"Rewrite gives 44, matching the published 44."
coppock_2022,ta18_cells,table_a.18,Cells of appendix table A.18 reproduced,NA,32,NA,32,1,NA,NA,"Rewrite gives 32, matching the published 32."
coppock_2022,ta19_cells,table_a.19,Cells of appendix table A.19 reproduced,NA,44,NA,44,1,NA,NA,"Rewrite gives 44, matching the published 44."
coppock_2022,ta5_cells,table_a.5,Cells of appendix table A.5 reproduced,NA,120,NA,120,1,NA,NA,"Rewrite gives 120, matching the published 120."
coppock_2022,ta1_cells,table_a.1,Cells of appendix table A.1 reproduced,NA,108,NA,0,0,NA,archive,"Rewrite gives 0 against a published 108. Zero of 108 published cells. The deposit ships no code for the Coppock, Ekins, and Kirby op-ed treatment effect estimates, and the figure scripts that use those data plot condition means rather than the contrasts the table reports."
coppock_2022,ta8_cells,table_a.8,Cells of appendix table A.8 reproduced,NA,192,NA,0,0,NA,archive,"Rewrite gives 0 against a published 192. Zero of 192 published cells. The deposit ships no code for the Hiscox treatment effect estimates. A reconstruction from the deposited data reproduces the valence contrasts but not every expert contrast, which is why the specification is treated as unrecoverable rather than guessed at."
coppock_2022,t2_2_cells,table_2.2,Cells of table 2.2 reproduced,NA,12,NA,12,1,NA,NA,"Rewrite gives 12, matching the published 12. Compared under the corrected row labels. Every cell agrees exactly except the combined change in belief for proponents, printed as 2.1 where the unrounded sum is 2.1535 and prints 2.2. A Combined row is the sum of the two rounded cells above it, which is how table 2.1 is built too, so it is compared at one unit in the last printed digit and agrees there: a rounding order artifact rather than an error."
coppock_2022,t2_2_row_labels,table_2.2,Cells printed under After pro-capital punishment study in table 2.2 that are pro-study means,NA,4,NA,0,NA,0,paper_internal,"Does not hold; the published value is 4. None of the four cells printed under 'After pro-capital punishment study' is a pro-study mean; all four are the con-study means, and the four printed under 'After anti-capital punishment study' are the pro-study means. The two labels are interchanged in both panels. The values are correct and in the deposit's own row order."
coppock_2022,t2_3_gc_cells,table_2.3,Cells of the Guess and Coppock half of table 2.3 reproduced,NA,12,NA,11,0,NA,paper_internal,"Rewrite gives 11 against a published 12. The one cell that does not reproduce is the difference cell for convincingness among proponents, printed as 3.0 where the table's own two component cells (3.4 and 0.1) differ by 3.3. The table contradicts itself."
coppock_2022,t2_1_cells,table_2.1,Table 2.1 reproduces table 3 of Lord Ross and Lepper 1979 and cannot drift,NA,12,NA,12,1,NA,NA,"Rewrite gives 12, matching the published 12. Transcribed from table 3 of Lord, Ross, and Lepper (1979) and checked once against that article; it cannot drift."
coppock_2022,t2_3_lrl_cells,table_2.3,Upper half of table 2.3 reproduces table 1 of Lord Ross and Lepper 1979,NA,12,NA,12,1,NA,NA,"Rewrite gives 12, matching the published 12. Transcribed from table 1 of Lord, Ross, and Lepper (1979) and checked once against that article; it cannot drift."
coppock_2022,t3_1_cells,table_3.1,Table 3.1 defines three inquiries in words and states no estimate,NA,0,NA,0,1,NA,NA,"Rewrite gives 0, matching the published 0. Definitions in words; the table states no estimate."
coppock_2022,t3_2_cells,table_3.2,Table 3.2 summarizes predictions in words and states no estimate,NA,0,NA,0,1,NA,NA,"Rewrite gives 0, matching the published 0. Predictions in words; the table states no estimate."
coppock_2022,t4_1_cells,table_4.1,Table 4.1 enumerates the four possible types under binary measurement,NA,0,NA,0,1,NA,NA,"Rewrite gives 0, matching the published 0. A typology; the table states no estimate."
coppock_2022,t4_2_cells,table_4.2,Sample sources and sizes for the twenty-three persuasion survey experiments,NA,23,NA,NA,NA,NA,rewrite,"No verdict; the published value is 23. The twenty-three sample sizes of table 4.2 have no counterpart in output/. The deposit computes none of them either, and adding them would be a Stage 3 job rather than a transcription."
coppock_2022,t6_1_cells,table_6.1,Persistence predictions and sample sizes for the twelve panel survey experiments,NA,12,NA,NA,NA,NA,rewrite,"No verdict; the published value is 12. The twelve panel sample sizes of table 6.1 have no counterpart in output/, on the same footing as table 4.2."
coppock_2022,t6_2_cells,table_6.2,Cells of table 6.2 reproduced,NA,9,NA,9,NA,1,NA,Holds; the published value is 9. All nine cells of table 6.2 are bootstrap quantities from an unseeded procedure; each published value falls inside the range the estimator takes across seeds.
coppock_2022,t6_3_cells,table_6.3,Cells of table 6.3 reproduced,NA,12,NA,12,NA,1,NA,Holds; the published value is 12. All twelve cells of table 6.3 are bootstrap quantities from an unseeded procedure.
coppock_2022,t6_4_cells,table_6.4,Cells of table 6.4 reproduced,NA,114,NA,114,NA,1,NA,Holds; the published value is 114. All 114 cells of table 6.4 are bootstrap quantities from an unseeded procedure.
coppock_2022,ta3_cells,table_a.3,Table A.3 describes the minimum wage treatment videos in words,NA,0,NA,0,1,NA,NA,"Rewrite gives 0, matching the published 0. The treatment videos are described in words."
coppock_2022,ta11_cells,table_a.11,Table A.11 sets out the Gash and Murakami treatments and outcomes in words,NA,0,NA,0,1,NA,NA,"Rewrite gives 0, matching the published 0. Treatments and outcomes in words."
coppock_2022,ta13_cells,table_a.13,Table A.13 sets out the Flavin treatments and outcomes in words,NA,0,NA,0,1,NA,NA,"Rewrite gives 0, matching the published 0. Treatments and outcomes in words."
coppock_2022,ta15_cells,table_a.15,Table A.15 sets out the Kreps and Wallace treatments and outcomes in words,NA,0,NA,0,1,NA,NA,"Rewrite gives 0, matching the published 0. Treatments and outcomes in words."
coppock_2022,ta17_cells,table_a.17,Table A.17 sets out the Mutz treatments and outcomes in words,NA,0,NA,0,1,NA,NA,"Rewrite gives 0, matching the published 0. Treatments and outcomes in words."
