float,published,covered
figure_1.1,0,0
figure_1.2,0,22
figure_1.3,0,8
figure_1.4,0,53
figure_1.5,0,416
figure_2.1,0,0
figure_2.2,0,12
figure_2.3,0,25
figure_3.1,0,41
figure_3.2,0,21
figure_3.3,0,16
figure_3.4,0,0
figure_4.1,0,0
figure_4.2,0,0
figure_5.1,0,16
figure_5.10,0,60
figure_5.11,0,20
figure_5.12,0,20
figure_5.13,0,14
figure_5.14,0,0
figure_5.15,0,20
figure_5.16,0,278
figure_5.17,0,54
figure_5.18,0,8
figure_5.19,0,16
figure_5.2,0,6
figure_5.3,0,28
figure_5.4,0,12
figure_5.5,0,12
figure_5.6,0,16
figure_5.7,0,24
figure_5.8,0,40
figure_5.9,0,48
figure_6.1,0,76
figure_6.2,0,38
figure_6.3,0,15
figure_7.1,0,0
table_2.1,12,12
table_2.2,12,12
table_2.3,24,23
table_3.1,0,0
table_3.2,0,0
table_4.1,0,0
table_4.2,23,0
table_6.1,12,0
table_6.2,9,9
table_6.3,12,12
table_6.4,114,114
table_a.1,108,0
table_a.10,144,144
table_a.11,0,0
table_a.12,132,132
table_a.13,0,0
table_a.14,44,44
table_a.15,0,0
table_a.16,44,44
table_a.17,0,0
table_a.18,32,32
table_a.19,44,44
table_a.2,24,24
table_a.3,0,0
table_a.4,48,48
table_a.5,120,120
table_a.6,72,72
table_a.7,48,48
table_a.8,192,0
table_a.9,120,120
