claim_id,float,location,claim_type,claim,value_paper,digits,operator,needs_block
c1_flat_tax_mt_rep_est,figure_1.2,"Chapter 1, p. 8 and figure 1.2 note",pipeline,Flat tax op-ed effect for Republicans on Mechanical Turk,1.13,2,==,TRUE
c1_flat_tax_mt_rep_se,figure_1.2,"Chapter 1, p. 8 and figure 1.2 note",pipeline,Robust standard error for the flat tax op-ed effect for Republicans on Mechanical Turk,0.20,2,==,TRUE
c1_flat_tax_mt_dem_est,figure_1.2,"Chapter 1, p. 8 and figure 1.2 note",pipeline,Flat tax op-ed effect for Democrats on Mechanical Turk,0.54,2,==,TRUE
c1_flat_tax_mt_dem_se,figure_1.2,"Chapter 1, p. 8 and figure 1.2 note",pipeline,Robust standard error for the flat tax op-ed effect for Democrats on Mechanical Turk,0.15,2,==,TRUE
c1_flat_tax_pp_rep_est,figure_1.2,"Chapter 1, p. 8 and figure 1.2 note",pipeline,Flat tax op-ed effect for Republicans among policy professionals,0.52,2,==,TRUE
c1_flat_tax_pp_rep_se,figure_1.2,"Chapter 1, p. 8 and figure 1.2 note",pipeline,Robust standard error for the flat tax op-ed effect for Republicans among policy professionals,0.25,2,==,TRUE
c1_flat_tax_pp_dem_est,figure_1.2,"Chapter 1, p. 8 and figure 1.2 note",pipeline,Flat tax op-ed effect for Democrats among policy professionals,0.29,2,==,TRUE
c1_flat_tax_pp_dem_se,figure_1.2,"Chapter 1, p. 8 and figure 1.2 note",pipeline,Robust standard error for the flat tax op-ed effect for Democrats among policy professionals,0.20,2,==,TRUE
c1_flat_tax_w2_mt_rep_est,figure_1.3,"Chapter 1, p. 10 and figure 1.3 note",pipeline,Ten-day flat tax op-ed effect for Republicans on Mechanical Turk,0.908,3,==,TRUE
c1_flat_tax_w2_mt_rep_se,figure_1.3,"Chapter 1, p. 10 and figure 1.3 note",pipeline,Robust standard error for the ten-day effect for Republicans on Mechanical Turk,0.22,2,==,TRUE
c1_flat_tax_w2_mt_dem_est,figure_1.3,"Chapter 1, p. 10 and figure 1.3 note",pipeline,Ten-day flat tax op-ed effect for Democrats on Mechanical Turk,0.32,2,==,TRUE
c1_flat_tax_w2_mt_dem_se,figure_1.3,"Chapter 1, p. 10 and figure 1.3 note",pipeline,Robust standard error for the ten-day effect for Democrats on Mechanical Turk,0.15,2,==,TRUE
c1_flat_tax_w2_pp_rep_est,figure_1.3,"Chapter 1, p. 10 and figure 1.3 note",pipeline,Ten-day flat tax op-ed effect for Republicans among policy professionals,0.18,2,==,TRUE
c1_flat_tax_w2_pp_rep_se,figure_1.3,"Chapter 1, p. 10 and figure 1.3 note",pipeline,Robust standard error for the ten-day effect for Republicans among policy professionals,0.25,2,==,TRUE
c1_flat_tax_w2_pp_dem_est,figure_1.3,"Chapter 1, p. 10 and figure 1.3 note",pipeline,Ten-day flat tax op-ed effect for Democrats among policy professionals,0.13,2,==,TRUE
c1_flat_tax_w2_pp_dem_se,figure_1.3,"Chapter 1, p. 10 and figure 1.3 note",pipeline,Robust standard error for the ten-day effect for Democrats among policy professionals,0.20,2,==,TRUE
c1_n_mturk,figure_1.2,"Chapter 1, figure 1.2 and 1.3 notes",pipeline,Number of MTurk respondents in the flat tax panel,860,0,==,TRUE
c1_n_policy_professionals,figure_1.2,"Chapter 1, figure 1.2 and 1.3 notes",pipeline,Number of policy professionals in the flat tax panel,518,0,==,TRUE
c1_persistence_rep,figure_1.3,"Chapter 1, p. 9",pipeline,Share of the immediate flat tax effect still present after ten days for Republicans on MTurk,80,0,==,TRUE
c1_persistence_dem,figure_1.3,"Chapter 1, p. 9",pipeline,Share of the immediate flat tax effect still present after ten days for Democrats on MTurk,58,0,==,TRUE
c1_baseline_gap_mt,figure_1.2,"Chapter 1, p. 8",descriptive,Control group partisan gap on MTurk exceeds one point on the 1 to 7 scale,1,0,>,TRUE
c1_baseline_gap_pp,figure_1.2,"Chapter 1, p. 8",approximate,Control group partisan gap among policy professionals is closer to 2.5 points,2.5,1,==,TRUE
c1_gm_slope_overall,figure_1.4,"Chapter 1, p. 11 and figure 1.4 note",pipeline,Average slope of support for gay marriage per year,1.7,1,==,TRUE
c1_gm_slope_democrat,figure_1.4,"Chapter 1, p. 11",pipeline,Slope of support for gay marriage per year among Democrats,2.1,1,==,TRUE
c1_gm_slope_white_mainline,figure_1.4,"Chapter 1, p. 11",pipeline,Slope of support for gay marriage per year among White mainline Protestants,2.1,1,==,TRUE
c1_gm_slope_republican,figure_1.4,"Chapter 1, p. 11",pipeline,Slope of support for gay marriage per year among Republicans,1.2,1,==,TRUE
c1_gm_slope_white_evangelical,figure_1.4,"Chapter 1, p. 11",pipeline,Slope of support for gay marriage per year among White evangelical Protestants,1.2,1,==,TRUE
c1_gm_all_groups_rose,figure_1.4,"Chapter 1, p. 11",descriptive,Support for gay marriage rose in every one of the twenty-five subgroups,25,0,==,TRUE
c1_gm_dem_points,figure_1.4,"Chapter 1, p. 12",pipeline,Percentage point change in Democratic support for gay marriage,28,0,==,TRUE
c1_gm_rep_points,figure_1.4,"Chapter 1, p. 12",pipeline,Percentage point change in Republican support for gay marriage,16,0,==,TRUE
c1_gm_rep_percent,figure_1.4,"Chapter 1, p. 12",pipeline,Percent increase in Republican support for gay marriage,76,0,==,TRUE
c1_gm_dem_percent,figure_1.4,"Chapter 1, p. 12",pipeline,Percent increase in Democratic support for gay marriage,65,0,==,TRUE
c2_n_replication,figure_2.3,"Chapter 2, p. 22 and figure 2.3 note",pipeline,Number of MTurk subjects in the Guess and Coppock replication,682,0,==,TRUE
c2_combined_proponents,table_2.2,"Chapter 2, p. 24",pipeline,Self-assessed attitude change for proponents combined across both studies,2.7,1,==,TRUE
c2_combined_opponents,table_2.2,"Chapter 2, p. 24",pipeline,Self-assessed attitude change for opponents combined across both studies,-2.7,1,==,TRUE
c2_pro_con_significant,figure_2.2,"Chapter 2, p. 26",descriptive,The pro versus con difference is significant at p below 0.05 in all four opportunities,4,0,==,TRUE
c3_target_sd,figure_3.1,"Chapter 3, p. 36",approximate,Average effect of the op-eds on target attitudes in standard units,0.4,1,==,TRUE
c3_nontarget_sd,figure_3.1,"Chapter 3, p. 36",pipeline,Average effect of the op-eds on non-target attitudes in standard units,0.02,2,==,TRUE
c3_ca_poll_n,figure_3.2,"Chapter 3, figure 3.2 note",pipeline,Number of subjects in the 1982 California poll party cue experiment,1007,0,==,TRUE
c5_mw_pro_amount_est,figure_5.1,"Chapter 5, p. 76",pipeline,Effect of the two pro minimum wage videos on the preferred minimum wage for proponents,3.24,2,==,TRUE
c5_mw_pro_amount_se,figure_5.1,"Chapter 5, p. 76",pipeline,Standard error of the pro video effect on the preferred minimum wage for proponents,0.40,2,==,TRUE
c5_mw_pro_favor_est,figure_5.1,"Chapter 5, p. 76",pipeline,Effect of the two pro minimum wage videos on support for raising it for proponents,0.84,2,==,TRUE
c5_mw_pro_favor_se,figure_5.1,"Chapter 5, p. 76",pipeline,Standard error of the pro video effect on support for raising the minimum wage for proponents,0.19,2,==,TRUE
c5_mw_opp_amount_est,figure_5.1,"Chapter 5, p. 76",pipeline,Effect of the two pro minimum wage videos on the preferred minimum wage for opponents,1.04,2,==,TRUE
c5_mw_opp_amount_se,figure_5.1,"Chapter 5, p. 76",pipeline,Standard error of the pro video effect on the preferred minimum wage for opponents,0.65,2,==,TRUE
c5_mw_opp_favor_est,figure_5.1,"Chapter 5, p. 76",pipeline,Effect of the two pro minimum wage videos on support for raising it for opponents,0.88,2,==,TRUE
c5_mw_opp_favor_se,figure_5.1,"Chapter 5, p. 76",pipeline,Standard error of the pro video effect on support for raising the minimum wage for opponents,0.32,2,==,TRUE
c5_gun_anti_prop_est,figure_5.2,"Chapter 5, p. 78",pipeline,Effect of the anti gun control study on gun control proponents in percentage points,7.4,1,==,TRUE
c5_gun_anti_prop_se,figure_5.2,"Chapter 5, p. 78",pipeline,Standard error of the anti gun control study effect on proponents in percentage points,2.2,1,==,TRUE
c5_gun_pro_opp_est,figure_5.2,"Chapter 5, p. 78",pipeline,Effect of the pro gun control study on gun control opponents in percentage points,3.1,1,==,TRUE
c5_gun_pro_opp_se,figure_5.2,"Chapter 5, p. 78",pipeline,Standard error of the pro gun control study effect on opponents in percentage points,4.1,1,==,TRUE
c5_cate_corr_partisanship,figure_5.16,"Chapter 5, p. 97",pipeline,Correlation between Democratic and Republican conditional average treatment effects,0.86,2,==,TRUE
c5_cate_corr_ideology,figure_5.16,"Chapter 5, p. 97",pipeline,Correlation between liberal and conservative conditional average treatment effects,0.80,2,==,TRUE
c5_cate_corr_race,figure_5.16,"Chapter 5, p. 97",pipeline,Correlation between White and Black conditional average treatment effects,0.62,2,==,TRUE
c5_cate_corr_gender,figure_5.16,"Chapter 5, p. 97",pipeline,Correlation between female and male conditional average treatment effects,0.92,2,==,TRUE
c5_cate_corr_age,figure_5.16,"Chapter 5, p. 97",pipeline,Correlation between older and younger conditional average treatment effects,0.62,2,==,TRUE
c5_cate_corr_education,figure_5.16,"Chapter 5, p. 97",pipeline,Correlation between college and non-college conditional average treatment effects,0.70,2,==,TRUE
c5_twosided_support_prop_est,figure_5.17,"Chapter 5, p. 101",pipeline,Effect of the two-sided message on support for capital punishment among proponents,0.28,2,==,TRUE
c5_twosided_support_prop_se,figure_5.17,"Chapter 5, p. 101",pipeline,Standard error of the two-sided effect on support among proponents,0.18,2,==,TRUE
c5_twosided_support_opp_est,figure_5.17,"Chapter 5, p. 101",pipeline,Effect of the two-sided message on support for capital punishment among opponents,0.10,2,==,TRUE
c5_twosided_support_opp_se,figure_5.17,"Chapter 5, p. 101",pipeline,Standard error of the two-sided effect on support among opponents,0.11,2,==,TRUE
c5_twosided_deter_opp_est,figure_5.17,"Chapter 5, p. 101",pipeline,Effect of the two-sided message on belief in deterrence among opponents,0.30,2,==,TRUE
c5_twosided_deter_opp_se,figure_5.17,"Chapter 5, p. 101",pipeline,Standard error of the two-sided effect on belief in deterrence among opponents,0.17,2,==,TRUE
c5_twosided_deter_prop_est,figure_5.17,"Chapter 5, p. 101",pipeline,Effect of the two-sided message on belief in deterrence among proponents,0.50,2,==,TRUE
c5_twosided_deter_prop_se,figure_5.17,"Chapter 5, p. 101",pipeline,Standard error of the two-sided effect on belief in deterrence among proponents,0.18,2,==,TRUE
c6_persistence_overall,table_6.2,"Chapter 6, p. 114",pipeline,Average persistence ratio across all twelve studies in percent,34,0,==,TRUE
c6_persistence_stronger,table_6.2,"Chapter 6, p. 114",pipeline,Average persistence ratio in the stronger persistence group in percent,50,0,==,TRUE
c6_persistence_weaker,table_6.2,"Chapter 6, p. 114",pipeline,Average persistence ratio in the weaker persistence group in percent,20,0,==,TRUE
c6_hiscox_mturk,table_6.4,"Chapter 6, p. 114",pipeline,Persistence of the Hiscox expert treatment on Mechanical Turk in percent,49,0,==,TRUE
c6_hiscox_lucid,table_6.4,"Chapter 6, p. 114",pipeline,Persistence of the Hiscox expert treatment on Lucid in percent,0,0,==,TRUE
c6_above_sixty,table_6.4,"Chapter 6, p. 114",descriptive,Persistence ratios above 60 percent for the pro minimum wage videos the flat tax op-ed and the pro capital punishment studies,3,0,==,TRUE
c6_oped_ten_days,table_6.3,"Chapter 6, p. 117",pipeline,Overall op-ed persistence ten days after treatment in percent,46,0,==,TRUE
c6_oped_ten_days_se,table_6.3,"Chapter 6, p. 117",pipeline,Standard error of overall op-ed persistence ten days after treatment in percent,5,0,==,TRUE
c6_oped_thirty_days,table_6.3,"Chapter 6, p. 117",pipeline,Overall op-ed persistence thirty days after treatment in percent,44,0,==,TRUE
c6_oped_thirty_days_se,table_6.3,"Chapter 6, p. 117",pipeline,Standard error of overall op-ed persistence thirty days after treatment in percent,6,0,==,TRUE
c6_oped_rep_ten_days,table_6.3,"Chapter 6, p. 118",pipeline,Op-ed persistence ten days after treatment for Republicans in percent,57,0,==,TRUE
c6_oped_dem_ten_days,table_6.3,"Chapter 6, p. 118",pipeline,Op-ed persistence ten days after treatment for Democrats in percent,43,0,==,TRUE
c6_oped_groups_not_different,table_6.3,"Chapter 6, p. 118",descriptive,The Republican and Democratic ten-day persistence estimates are not significantly different,1,0,==,TRUE
c6_decay_one_third,table_6.2,"Chapter 6, p. 118",approximate,Treatment effects are approximately one-third their original magnitudes after ten days,0.33,2,==,TRUE
t2_1_cells,table_2.1,"Chapter 2, table 2.1",transcribed,Table 2.1 reproduces table 3 of Lord Ross and Lepper 1979 and cannot drift,12,0,==,FALSE
t2_2_cells,table_2.2,"Chapter 2, table 2.2",pipeline,Cells of table 2.2 reproduced,12,0,==,FALSE
t2_2_row_labels,table_2.2,"Chapter 2, table 2.2, p. 26",descriptive,Cells printed under After pro-capital punishment study in table 2.2 that are pro-study means,4,0,==,TRUE
t2_3_lrl_cells,table_2.3,"Chapter 2, table 2.3 upper half",transcribed,Upper half of table 2.3 reproduces table 1 of Lord Ross and Lepper 1979,12,0,==,FALSE
t2_3_gc_cells,table_2.3,"Chapter 2, table 2.3 lower half",pipeline,Cells of the Guess and Coppock half of table 2.3 reproduced,12,0,==,FALSE
t3_1_cells,table_3.1,"Chapter 3, table 3.1",definitional,Table 3.1 defines three inquiries in words and states no estimate,0,0,==,FALSE
t3_2_cells,table_3.2,"Chapter 3, table 3.2",definitional,Table 3.2 summarizes predictions in words and states no estimate,0,0,==,FALSE
t4_1_cells,table_4.1,"Chapter 4, table 4.1",definitional,Table 4.1 enumerates the four possible types under binary measurement,0,0,==,FALSE
t4_2_cells,table_4.2,"Chapter 4, table 4.2",structural,Sample sources and sizes for the twenty-three persuasion survey experiments,23,0,==,FALSE
t6_1_cells,table_6.1,"Chapter 6, table 6.1",structural,Persistence predictions and sample sizes for the twelve panel survey experiments,12,0,==,FALSE
t6_2_cells,table_6.2,"Chapter 6, table 6.2",pipeline,Cells of table 6.2 reproduced,9,0,==,FALSE
t6_3_cells,table_6.3,"Chapter 6, table 6.3",pipeline,Cells of table 6.3 reproduced,12,0,==,FALSE
t6_4_cells,table_6.4,"Chapter 6, table 6.4",pipeline,Cells of table 6.4 reproduced,114,0,==,FALSE
ta1_cells,table_a.1,"Appendix, table A.1",pipeline,Cells of appendix table A.1 reproduced,108,0,==,FALSE
ta2_cells,table_a.2,"Appendix, table A.2",pipeline,Cells of appendix table A.2 reproduced,24,0,==,FALSE
ta3_cells,table_a.3,"Appendix, table A.3",definitional,Table A.3 describes the minimum wage treatment videos in words,0,0,==,FALSE
ta4_cells,table_a.4,"Appendix, table A.4",pipeline,Cells of appendix table A.4 reproduced,48,0,==,FALSE
ta5_cells,table_a.5,"Appendix, table A.5",pipeline,Cells of appendix table A.5 reproduced,120,0,==,FALSE
ta6_cells,table_a.6,"Appendix, table A.6",pipeline,Cells of appendix table A.6 reproduced,72,0,==,FALSE
ta7_cells,table_a.7,"Appendix, table A.7",pipeline,Cells of appendix table A.7 reproduced,48,0,==,FALSE
ta8_cells,table_a.8,"Appendix, table A.8",pipeline,Cells of appendix table A.8 reproduced,192,0,==,FALSE
ta9_cells,table_a.9,"Appendix, table A.9",pipeline,Cells of appendix table A.9 reproduced,120,0,==,FALSE
ta10_cells,table_a.10,"Appendix, table A.10",pipeline,Cells of appendix table A.10 reproduced,144,0,==,FALSE
ta11_cells,table_a.11,"Appendix, table A.11",definitional,Table A.11 sets out the Gash and Murakami treatments and outcomes in words,0,0,==,FALSE
ta12_cells,table_a.12,"Appendix, table A.12",pipeline,Cells of appendix table A.12 reproduced,132,0,==,FALSE
ta13_cells,table_a.13,"Appendix, table A.13",definitional,Table A.13 sets out the Flavin treatments and outcomes in words,0,0,==,FALSE
ta14_cells,table_a.14,"Appendix, table A.14",pipeline,Cells of appendix table A.14 reproduced,44,0,==,FALSE
ta15_cells,table_a.15,"Appendix, table A.15",definitional,Table A.15 sets out the Kreps and Wallace treatments and outcomes in words,0,0,==,FALSE
ta16_cells,table_a.16,"Appendix, table A.16",pipeline,Cells of appendix table A.16 reproduced,44,0,==,FALSE
ta17_cells,table_a.17,"Appendix, table A.17",definitional,Table A.17 sets out the Mutz treatments and outcomes in words,0,0,==,FALSE
ta18_cells,table_a.18,"Appendix, table A.18",pipeline,Cells of appendix table A.18 reproduced,32,0,==,FALSE
ta19_cells,table_a.19,"Appendix, table A.19",pipeline,Cells of appendix table A.19 reproduced,44,0,==,FALSE
