table,panel,row_label,group,value_paper
table_2.2,attitude,After pro-capital punishment study,Proponents,0.0
table_2.2,attitude,After pro-capital punishment study,Opponents,-2.3
table_2.2,attitude,After anti-capital punishment study,Proponents,2.7
table_2.2,attitude,After anti-capital punishment study,Opponents,-0.4
table_2.2,attitude,Combined,Proponents,2.7
table_2.2,attitude,Combined,Opponents,-2.7
table_2.2,belief,After pro-capital punishment study,Proponents,-0.7
table_2.2,belief,After pro-capital punishment study,Opponents,-2.7
table_2.2,belief,After anti-capital punishment study,Proponents,2.8
table_2.2,belief,After anti-capital punishment study,Opponents,-0.2
table_2.2,belief,Combined,Proponents,2.1
table_2.2,belief,Combined,Opponents,-2.9
table_2.3,quality,Pro-capital punishment study,Proponents,3.6
table_2.3,quality,Pro-capital punishment study,Opponents,0.1
table_2.3,quality,Anti-capital punishment study,Proponents,1.5
table_2.3,quality,Anti-capital punishment study,Opponents,2.6
table_2.3,quality,Difference,Proponents,2.1
table_2.3,quality,Difference,Opponents,-2.5
table_2.3,convincing,Pro-capital punishment study,Proponents,3.4
table_2.3,convincing,Pro-capital punishment study,Opponents,-1.0
table_2.3,convincing,Anti-capital punishment study,Proponents,0.1
table_2.3,convincing,Anti-capital punishment study,Opponents,1.3
table_2.3,convincing,Difference,Proponents,3.0
table_2.3,convincing,Difference,Opponents,-2.3
table_6.2,estimate,Overall,All,0.34
table_6.2,estimate,Prediction: stronger persistence,All,0.50
table_6.2,estimate,Prediction: weaker persistence,All,0.21
table_6.3,10 days,Overall,All,0.48
table_6.3,10 days,Democrat,All,0.48
table_6.3,10 days,Republican,All,0.53
table_6.3,30 days,Overall,All,0.46
table_6.3,30 days,Democrat,All,0.47
table_6.3,30 days,Republican,All,0.57
